Medu,Fedu,traveltime,studytime,failures,famrel,freetime,goout,Dalc,Walc,health,absences,G1,G2,sex_F,age,address_U,famsize_GT3,Pstatus_T,schoolsup_yes,famsup_yes,higher_yes,internet_yes,romantic_yes,G3,y_true,y_pred,signed_error,regression_error
4,4,2,2,0,4,3,4,1,1,3,6,5,6,1,18,1,1,0,1,0,1,0,0,6,6,5.6448,0.3551999999999999,0.3551999999999999
1,1,1,2,0,5,3,3,1,1,3,4,5,5,1,17,1,1,1,0,1,1,1,0,6,6,4.2909,1.7091000000000005,1.7091000000000005
1,1,1,2,3,4,3,2,2,3,3,10,7,8,1,15,1,0,1,1,0,1,1,0,10,10,6.9731,3.0269000000000004,3.0269000000000004
4,2,1,3,0,3,2,2,1,1,5,2,15,14,1,15,1,1,1,0,1,1,1,1,15,15,14.0416,0.9583999999999993,0.9583999999999993
3,3,1,2,0,4,3,2,1,2,5,4,6,10,1,16,1,1,1,0,1,1,0,0,10,10,9.2546,0.7454000000000001,0.7454000000000001
4,3,1,2,0,5,4,2,1,2,5,10,15,15,0,16,1,0,1,0,1,1,1,0,15,15,15.7185,-0.7185000000000006,0.7185000000000006
2,2,1,2,0,4,4,4,1,1,3,0,12,12,0,16,1,0,1,0,0,1,1,0,11,11,11.8539,-0.8538999999999994,0.8538999999999994
4,4,2,2,0,4,1,4,1,1,1,6,6,5,1,17,1,1,0,1,1,1,0,0,6,6,5.0994,0.9005999999999998,0.9005999999999998
3,2,1,2,0,4,2,2,1,1,1,0,16,18,0,15,1,0,0,0,1,1,1,0,19,19,18.6128,0.3872,0.3872
3,4,1,2,0,5,5,1,1,1,5,0,14,15,0,15,1,1,1,0,1,1,1,0,15,15,14.7114,0.2886000000000006,0.2886000000000006
4,4,1,2,0,3,3,3,1,2,2,0,10,8,1,15,1,1,1,0,1,1,1,0,9,9,7.5504,1.4496000000000002,1.4496000000000002
2,1,3,3,0,5,2,2,1,1,4,4,10,12,1,15,1,1,1,0,1,1,1,0,12,12,11.9312,0.0687999999999995,0.0687999999999995
4,4,1,1,0,4,3,3,1,3,5,2,14,14,0,15,1,0,1,0,1,1,1,0,14,14,14.5324,-0.5324000000000009,0.5324000000000009
4,3,2,2,0,5,4,3,1,2,3,2,10,10,0,15,1,1,1,0,1,1,1,0,11,11,9.8329,1.1670999999999996,1.1670999999999996
2,2,1,3,0,4,5,2,1,1,3,0,14,16,0,15,1,1,0,0,1,1,1,1,16,16,15.7345,0.2654999999999994,0.2654999999999994
4,4,1,1,0,4,4,4,1,2,2,4,14,14,1,16,1,1,1,0,1,1,1,0,14,14,14.3439,-0.3438999999999996,0.3438999999999996
4,4,1,3,0,3,2,3,1,2,2,6,13,14,1,16,1,1,1,0,1,1,1,0,14,14,13.8367,0.1632999999999995,0.1632999999999995
3,3,3,2,0,5,3,2,1,1,4,4,8,10,1,16,1,1,1,1,1,1,0,0,10,10,9.9749,0.0251000000000001,0.0251000000000001
3,2,1,1,3,5,5,5,2,4,5,16,6,5,0,17,1,1,1,0,1,1,1,0,5,5,4.5262,0.4737999999999998,0.4737999999999998
4,3,1,1,0,3,1,3,1,3,5,4,8,10,0,16,1,0,1,0,0,1,1,0,10,10,9.7328,0.2672000000000007,0.2672000000000007
4,3,1,2,0,4,4,1,1,1,1,0,13,14,0,15,1,1,1,0,0,1,1,0,15,15,13.4098,1.5901999999999994,1.5901999999999994
4,4,1,1,0,5,4,2,1,1,5,0,12,15,0,15,1,1,1,0,1,1,1,0,15,15,14.7043,0.2957000000000001,0.2957000000000001
4,2,1,2,0,4,5,1,1,3,5,2,15,15,0,16,1,0,1,0,0,1,1,0,16,16,15.2576,0.7424,0.7424
2,2,2,2,0,5,4,4,2,4,5,0,13,13,0,16,1,0,1,0,1,1,1,0,12,12,13.5398,-1.5397999999999996,1.5397999999999996
2,4,1,3,0,4,3,2,1,1,5,2,10,9,1,15,0,1,1,1,1,1,1,0,8,8,8.5468,-0.5467999999999993,0.5467999999999993
2,2,1,1,2,1,2,2,1,3,5,14,6,9,1,16,1,1,1,0,1,1,1,0,8,8,8.2653,-0.2652999999999998,0.2652999999999998
2,2,1,1,0,4,2,2,1,2,5,2,12,12,0,15,1,1,1,0,1,1,1,0,11,11,12.2484,-1.2484000000000002,1.2484000000000002
4,2,1,1,0,2,2,4,2,4,1,4,15,16,0,15,1,1,1,0,0,1,1,0,15,15,16.5105,-1.5105000000000004,1.5105000000000004
3,4,1,2,0,5,3,3,1,1,5,4,11,11,0,16,1,0,0,1,1,1,1,0,11,11,11.3374,-0.3374000000000006,0.3374000000000006
4,4,1,2,0,4,4,5,5,5,5,16,10,12,0,16,1,1,1,0,1,1,1,1,11,11,11.8528,-0.8528000000000002,0.8528000000000002
4,4,1,2,0,5,4,2,3,4,5,0,9,11,0,15,1,1,1,0,1,1,1,0,12,12,10.2325,1.7675,1.7675
4,4,2,2,0,4,3,1,1,1,5,0,17,16,0,15,1,1,1,0,1,1,1,0,17,17,16.4195,0.5805000000000007,0.5805000000000007
4,3,1,2,0,4,5,2,1,1,5,0,17,16,0,15,0,1,1,0,1,1,1,1,16,16,16.2646,-0.2646000000000015,0.2646000000000015
3,3,1,2,0,5,3,2,1,1,2,0,8,10,0,15,1,0,1,0,0,1,1,0,12,12,9.0282,2.9718,2.9718
3,2,1,1,0,5,4,3,1,1,5,0,12,14,0,16,1,1,1,0,1,1,1,0,15,15,14.0612,0.9388000000000004,0.9388000000000004
2,3,2,1,0,3,5,1,1,1,5,0,8,7,1,15,1,1,1,0,1,1,0,0,6,6,6.6696,-0.6696,0.6696
4,3,1,3,0,5,4,3,1,1,4,2,15,16,0,15,1,0,1,0,1,1,1,0,18,18,16.1742,1.825800000000001,1.825800000000001
4,4,2,3,0,2,4,3,1,1,5,7,15,16,0,16,0,1,0,0,1,1,1,1,15,15,16.3359,-1.3358999999999988,1.3358999999999988
3,4,1,3,0,4,3,2,1,1,5,2,12,12,1,15,0,1,1,1,1,1,1,0,11,11,11.7717,-0.7716999999999992,0.7716999999999992
2,2,1,1,0,4,3,1,1,1,2,8,14,13,1,15,0,1,1,1,1,1,0,0,13,13,13.9279,-0.9278999999999992,0.9278999999999992
2,2,2,2,1,3,3,3,1,2,3,25,7,10,1,16,1,0,1,0,1,1,1,1,11,11,9.8636,1.1364,1.1364
4,4,1,1,0,5,4,3,2,4,5,8,12,12,0,15,1,0,1,0,1,1,1,1,12,12,12.2559,-0.2559000000000004,0.2559000000000004
4,4,1,2,0,4,3,3,1,1,5,2,19,18,0,15,1,1,1,0,1,1,1,0,18,18,18.7576,-0.7576,0.7576
2,2,1,1,0,5,4,1,1,1,1,0,8,8,0,15,1,1,1,1,1,1,1,0,11,11,7.489,3.511,3.511
2,2,2,2,1,4,3,3,2,2,5,14,10,10,1,16,1,0,1,1,0,1,1,0,9,9,10.1749,-1.1748999999999992,1.1748999999999992
4,3,1,2,0,5,2,2,1,1,5,8,8,8,1,15,1,0,0,1,1,1,1,1,6,6,8.0081,-2.0081000000000007,2.0081000000000007
3,3,1,2,0,2,3,5,1,4,3,12,11,12,1,16,1,0,0,0,1,1,1,0,11,11,12.7481,-1.7481000000000009,1.7481000000000009
4,3,1,4,0,4,2,2,1,1,2,4,19,19,0,16,1,1,1,0,0,1,1,0,20,20,19.169,0.8309999999999995,0.8309999999999995
4,2,1,2,0,4,3,3,2,2,5,2,15,15,0,15,1,1,1,0,1,1,0,0,14,14,15.6699,-1.6699000000000002,1.6699000000000002
4,4,1,2,1,4,4,4,1,1,3,2,7,7,1,15,1,1,1,1,1,1,1,0,7,7,6.0853,0.9146999999999998,0.9146999999999998
2,2,3,2,0,4,3,3,2,3,4,2,12,13,1,16,1,0,1,0,1,1,1,0,13,13,13.4218,-0.4217999999999993,0.4217999999999993
4,2,1,2,0,4,3,3,1,1,5,2,11,13,1,15,1,0,1,0,1,1,1,0,13,13,12.996,0.0039999999999995,0.0039999999999995
4,2,2,1,1,5,5,5,3,4,5,6,11,11,0,15,1,0,0,0,0,1,0,0,10,10,11.7497,-1.7497000000000007,1.7497000000000007
4,4,1,1,0,3,3,4,2,3,5,0,8,10,1,15,1,1,1,1,1,1,1,0,11,11,9.6145,1.3855000000000004,1.3855000000000004
3,3,1,1,0,5,3,4,4,4,1,6,10,13,1,15,1,0,0,0,0,1,1,0,13,13,13.0022,-0.0022000000000002,0.0022000000000002
2,1,1,2,0,5,3,4,1,1,2,8,8,9,1,16,1,1,0,0,0,1,1,1,10,10,8.6746,1.3254,1.3254
4,3,1,2,0,4,3,2,1,1,1,0,14,15,1,15,1,1,0,0,1,1,1,0,15,15,15.14,-0.1400000000000005,0.1400000000000005
4,4,1,2,0,3,2,2,1,1,5,4,14,15,0,15,1,1,1,0,1,1,0,0,15,15,15.2604,-0.2604000000000006,0.2604000000000006
1,2,1,2,0,4,3,2,1,1,5,2,9,10,0,15,1,0,1,1,1,1,1,0,9,9,9.7853,-0.7852999999999994,0.7852999999999994
4,2,1,2,0,4,2,3,1,1,5,2,15,16,1,16,1,1,1,0,1,1,1,0,16,16,16.4537,-0.4537000000000013,0.4537000000000013
4,4,1,2,0,2,4,4,2,3,4,6,10,11,1,16,0,1,1,0,1,1,0,0,11,11,10.9868,0.0131999999999994,0.0131999999999994
1,1,4,1,0,5,5,5,5,5,5,6,10,8,1,16,1,1,1,1,1,1,1,1,11,11,8.7516,2.2484,2.2484
1,2,1,2,0,4,4,3,1,1,1,4,8,10,1,16,1,0,1,1,0,1,1,0,9,9,9.3708,-0.3707999999999991,0.3707999999999991
4,3,1,3,0,3,4,4,2,4,4,2,10,9,1,16,1,1,1,1,1,1,1,0,9,9,8.814,0.1859999999999999,0.1859999999999999
4,3,1,2,0,4,4,4,2,4,2,0,10,10,1,15,1,0,1,1,0,1,1,1,10,10,9.5464,0.4535999999999998,0.4535999999999998
4,3,3,2,0,5,4,3,1,2,1,2,16,15,1,16,1,0,1,0,1,1,1,0,15,15,15.8386,-0.8385999999999996,0.8385999999999996
4,4,1,4,0,1,3,3,5,5,3,4,13,13,0,15,1,1,0,0,1,1,1,1,12,12,12.5197,-0.5197000000000003,0.5197000000000003
3,1,1,4,0,4,3,3,1,2,5,4,7,7,1,16,1,1,1,1,1,1,1,0,6,6,6.4659,-0.4659000000000004,0.4659000000000004
2,2,2,2,0,4,1,3,1,3,4,2,8,9,1,15,0,0,1,1,1,1,1,0,8,8,9.1728,-1.1728000000000005,1.1728000000000005
3,1,2,4,0,4,4,2,2,3,3,12,16,16,1,15,0,0,1,0,1,1,1,0,16,16,16.8807,-0.8807000000000009,0.8807000000000009
3,1,2,4,0,4,3,2,1,1,5,0,13,15,0,16,1,1,1,0,1,1,1,0,15,15,14.8174,0.1826000000000007,0.1826000000000007
4,2,1,4,0,3,3,3,1,1,3,0,10,10,0,15,1,1,1,0,0,1,1,0,10,10,9.08,0.92,0.92
1,1,1,2,2,3,3,4,2,4,5,2,8,6,1,15,0,1,1,1,1,1,1,1,5,5,5.4254,-0.4253999999999998,0.4253999999999998
3,1,1,1,0,5,3,2,2,2,5,2,12,12,0,16,1,1,1,0,0,1,0,0,14,14,12.3212,1.6788000000000007,1.6788000000000007
3,3,1,2,0,4,3,3,2,4,5,54,11,12,1,16,1,1,1,1,1,1,1,0,11,11,13.8893,-2.8893000000000004,2.8893000000000004
4,3,1,2,0,4,3,3,2,3,5,6,9,9,0,15,1,1,1,0,1,1,1,0,10,10,8.7849,1.2150999999999996,1.2150999999999996
4,0,2,4,0,3,4,3,1,1,1,8,11,11,0,15,1,1,1,0,0,1,1,0,10,10,10.7756,-0.7756000000000007,0.7756000000000007
2,2,1,4,0,5,2,3,1,3,3,0,11,11,1,16,1,1,1,0,0,1,1,1,11,11,10.1493,0.8506999999999998,0.8506999999999998
2,1,2,1,3,4,5,1,1,1,3,2,8,8,0,17,1,1,1,1,1,0,1,0,10,10,7.1642,2.8358,2.8358
3,4,1,2,0,2,4,3,1,2,3,12,5,5,1,16,1,1,1,0,1,1,1,0,5,5,4.1958,0.8041999999999998,0.8041999999999998
2,3,1,1,0,3,2,2,1,3,3,2,10,12,0,15,1,1,1,1,1,1,1,1,12,12,11.6721,0.3278999999999996,0.3278999999999996
2,3,1,3,0,5,3,2,1,2,5,4,11,10,0,15,1,1,1,1,0,1,1,0,11,11,9.6599,1.3400999999999996,1.3400999999999996
3,2,1,2,0,4,4,4,1,1,5,10,7,6,1,15,1,0,1,0,1,1,1,0,6,6,5.9501,0.0499,0.0499
2,2,2,2,0,5,3,3,1,3,4,4,15,15,0,15,1,0,1,0,0,1,1,0,15,15,15.6586,-0.6585999999999999,0.6585999999999999
1,1,1,2,0,4,3,2,2,3,4,2,9,10,1,15,1,1,1,0,1,1,1,0,10,10,9.6438,0.3561999999999994,0.3561999999999994
4,4,2,2,2,4,4,4,2,3,5,6,7,9,1,15,1,1,1,0,0,1,1,1,8,8,7.5647,0.4352999999999998,0.4352999999999998
2,2,1,2,0,4,3,4,1,2,2,4,8,7,1,16,1,0,1,0,1,1,0,0,6,6,7.0498,-1.0498000000000005,1.0498000000000005
4,2,1,3,0,5,3,3,1,3,1,4,13,14,1,15,1,1,1,0,1,1,1,0,14,14,14.0513,-0.0512999999999994,0.0512999999999994
2,2,2,2,1,4,4,2,1,1,3,12,11,10,0,16,1,1,1,0,0,1,1,0,10,10,9.8106,0.1893999999999991,0.1893999999999991
4,4,1,2,0,4,1,3,3,5,5,18,8,6,0,16,1,0,0,0,1,1,0,0,7,7,6.8281,0.1718999999999999,0.1718999999999999
3,3,1,3,0,4,3,3,1,3,4,0,7,7,1,16,1,1,1,0,1,1,1,1,8,8,5.9217,2.0783,2.0783
4,3,1,1,0,4,5,5,1,3,1,4,16,17,1,15,1,1,1,0,0,1,1,0,18,18,17.5209,0.4790999999999989,0.4790999999999989
3,1,1,2,0,3,3,3,2,3,2,4,7,6,1,16,1,0,1,1,1,1,0,0,6,6,6.1131,-0.1131000000000002,0.1131000000000002
4,2,2,2,0,5,3,3,1,1,1,0,11,10,1,16,1,1,1,0,1,1,1,0,10,10,9.9759,0.0241000000000006,0.0241000000000006
2,2,1,4,0,4,3,4,1,1,4,6,11,13,0,15,1,0,1,0,1,1,1,0,14,14,12.7477,1.2523,1.2523
1,1,2,4,1,3,1,2,1,1,1,2,7,10,1,15,0,1,1,1,1,1,1,0,10,10,8.9461,1.0539000000000005,1.0539000000000005
4,3,2,1,0,3,3,3,1,1,4,2,11,15,0,16,0,1,1,1,1,1,1,0,15,15,15.1452,-0.1452000000000008,0.1452000000000008
2,1,1,2,0,4,3,5,1,1,5,2,8,9,1,16,1,1,1,0,1,1,0,1,10,10,8.7759,1.2241,1.2241
4,4,1,1,0,5,3,4,1,2,1,6,11,14,1,16,1,1,1,0,0,1,1,0,14,14,13.7133,0.2866999999999997,0.2866999999999997
4,3,1,3,0,5,3,5,1,1,3,0,7,9,1,16,1,1,1,1,1,1,1,0,8,8,8.2451,-0.2451000000000007,0.2451000000000007
4,4,1,1,0,4,5,5,5,5,4,14,7,7,0,16,1,1,1,1,1,1,1,0,5,5,6.9909,-1.9909,1.9909
4,4,1,3,0,4,4,3,1,1,4,0,16,17,0,16,1,1,1,0,1,1,1,1,17,17,16.7252,0.274799999999999,0.274799999999999
4,4,1,1,0,5,3,3,1,1,5,4,10,13,0,15,1,1,1,0,1,1,1,0,14,14,12.7239,1.2760999999999996,1.2760999999999996
3,2,2,2,0,4,3,5,1,1,2,26,7,6,1,15,1,1,1,1,1,1,1,0,6,6,6.7065,-0.7065000000000001,0.7065000000000001
3,4,1,2,0,5,4,4,1,1,1,0,16,18,0,15,1,1,0,0,1,1,1,0,18,18,18.3283,-0.3282999999999987,0.3282999999999987
3,3,1,4,0,4,3,3,1,1,4,10,10,11,1,15,1,1,0,1,0,1,0,0,11,11,10.9337,0.0663,0.0663
2,2,1,4,0,5,1,2,1,1,3,8,7,8,1,15,1,1,1,1,1,1,1,0,8,8,7.3058,0.6942000000000004,0.6942000000000004
3,3,1,3,0,5,3,3,1,1,5,2,16,18,0,16,1,1,1,0,1,1,1,0,18,18,18.1638,-0.1637999999999984,0.1637999999999984
4,4,4,4,0,1,3,5,3,5,1,6,10,13,0,15,0,1,1,0,1,1,1,1,13,13,12.5468,0.4532000000000007,0.4532000000000007
4,4,1,3,0,5,4,5,1,1,4,4,14,15,1,16,1,0,1,0,1,1,1,1,16,16,14.942,1.0579999999999998,1.0579999999999998
4,4,1,1,0,5,5,3,1,1,4,6,18,19,0,15,1,0,0,0,0,1,1,0,19,19,19.965,-0.965,0.965
3,3,1,3,1,4,1,2,1,1,2,0,7,10,1,16,0,1,1,1,1,1,1,0,10,10,8.7847,1.2152999999999992,1.2152999999999992
2,2,1,2,1,3,1,2,1,1,5,6,10,13,1,16,1,1,1,1,0,1,1,0,13,13,12.4456,0.5543999999999993,0.5543999999999993
4,2,1,1,0,3,5,2,1,1,3,10,18,19,0,15,1,0,1,0,0,1,1,0,19,19,19.9228,-0.9227999999999988,0.9227999999999988
2,1,1,2,0,5,4,2,1,1,5,8,9,9,0,15,0,1,1,0,0,1,1,1,9,9,8.562,0.4380000000000006,0.4380000000000006
4,4,1,2,0,5,4,4,1,2,5,2,15,15,0,16,1,1,1,0,1,1,1,0,16,16,15.3338,0.6661999999999999,0.6661999999999999
4,4,2,2,0,4,4,3,1,1,2,2,11,13,0,15,1,1,1,0,1,1,0,0,14,14,12.8257,1.1743000000000006,1.1743000000000006
3,3,2,1,0,5,4,2,1,1,5,0,13,14,0,16,1,1,1,0,0,1,1,0,13,13,13.9633,-0.9633000000000004,0.9633000000000004
1,3,3,2,1,5,2,4,1,4,5,20,9,7,0,17,0,1,1,0,1,1,1,0,8,8,7.7129,0.2870999999999997,0.2870999999999997
3,4,1,1,0,3,4,3,1,2,4,6,14,13,0,15,1,1,1,0,0,1,1,0,13,13,13.191,-0.1910000000000007,0.1910000000000007
1,2,1,2,0,3,2,3,1,2,1,2,16,15,1,15,1,1,1,0,0,1,1,0,15,15,15.2841,-0.2841000000000004,0.2841000000000004
2,2,1,4,0,5,5,4,1,2,5,6,16,14,0,15,1,1,1,0,1,1,1,0,15,15,14.4743,0.5257000000000005,0.5257000000000005
2,4,2,2,0,4,2,2,1,2,5,2,13,13,1,16,1,0,1,0,1,1,1,1,13,13,12.991,0.0090000000000003,0.0090000000000003
4,4,1,1,0,3,4,4,1,4,5,18,14,11,0,16,1,1,1,0,1,1,1,0,13,13,12.1997,0.8003,0.8003
2,2,1,2,0,5,4,4,1,1,5,0,8,7,1,16,1,1,1,0,0,1,1,1,8,8,6.153,1.8470000000000004,1.8470000000000004
3,4,1,1,0,5,5,5,3,2,5,0,13,13,0,15,1,1,1,1,0,1,1,0,12,12,13.0143,-1.0143000000000004,1.0143000000000004
3,4,1,2,0,5,3,2,1,1,1,0,7,10,1,15,1,0,0,1,0,1,1,1,11,11,8.8975,2.102499999999999,2.102499999999999
0,1,1,2,3,3,4,2,1,1,5,2,7,8,1,19,1,1,1,0,1,0,0,0,9,9,6.8329,2.1671,2.1671
2,2,1,1,2,3,3,3,1,2,4,0,7,4,0,18,0,1,1,0,1,1,1,0,0,0,3.2725,-3.2725,3.2725
4,4,1,1,0,3,5,5,2,5,4,8,18,18,0,16,0,1,1,0,0,1,1,0,18,18,19.0521,-1.0520999999999994,1.0520999999999994
3,4,2,3,2,4,2,2,2,2,5,0,12,0,1,15,0,1,1,0,1,1,1,1,0,0,-0.3735,0.3735,0.3735
1,1,3,1,0,4,3,3,1,2,4,0,8,0,1,15,1,1,1,0,1,1,1,1,0,0,0.2636,-0.2636,0.2636
2,2,1,1,0,3,4,4,1,3,5,12,10,13,1,17,1,0,1,0,1,1,1,1,12,12,13.2341,-1.2340999999999998,1.2340999999999998
3,4,1,1,0,3,2,1,1,4,5,16,12,11,1,16,1,1,0,0,0,1,1,0,11,11,11.653,-0.6530000000000005,0.6530000000000005
3,4,4,2,0,5,3,3,1,1,5,0,9,0,0,15,0,1,1,0,1,1,0,1,0,0,0.2383,-0.2383,0.2383
4,4,1,3,0,4,3,3,1,1,5,0,11,0,1,15,1,1,1,0,1,1,1,1,0,0,0.054,-0.054,0.054
3,4,3,2,0,5,4,5,2,4,5,0,10,0,0,17,0,1,1,0,0,1,0,0,0,0,0.2078,-0.2078,0.2078
3,3,2,1,2,4,3,2,1,1,5,0,4,0,1,16,1,1,0,0,1,1,1,1,0,0,-0.6424,0.6424,0.6424
1,1,1,2,1,4,4,4,1,3,5,0,14,12,0,16,1,0,1,0,0,1,0,1,12,12,12.4063,-0.4062999999999999,0.4062999999999999
4,4,2,1,0,4,3,2,1,1,5,0,16,16,1,15,1,1,1,0,0,1,1,0,15,15,16.3824,-1.3824000000000003,1.3824000000000003
4,3,2,4,0,2,2,2,1,1,3,0,7,9,0,15,1,1,1,1,1,1,1,0,0,0,8.754,-8.754,8.754
2,2,2,1,2,2,3,3,2,2,2,8,9,9,0,16,1,0,1,0,1,1,1,0,9,9,9.2265,-0.2264999999999997,0.2264999999999997
4,4,1,3,0,4,2,2,1,1,5,2,9,11,1,15,1,1,1,0,1,1,1,0,11,11,10.5786,0.4214000000000002,0.4214000000000002
1,1,1,1,0,3,4,4,3,3,1,2,14,14,1,16,1,0,1,0,0,1,1,0,13,13,14.4801,-1.4801000000000002,1.4801000000000002
2,1,1,1,3,5,4,5,1,2,5,0,5,0,0,17,1,1,1,0,1,1,1,0,0,0,-0.3828,0.3828,0.3828
1,1,1,2,0,4,4,2,1,2,5,0,8,11,1,15,1,1,1,0,1,1,1,0,11,11,10.6625,0.3375000000000003,0.3375000000000003
3,2,1,2,3,3,3,2,1,1,3,0,6,7,1,15,1,1,1,0,1,1,1,0,0,0,6.3154,-6.3154,6.3154
1,2,1,2,0,4,3,2,1,1,5,2,10,11,1,15,1,1,1,0,1,1,1,0,11,11,10.904,0.096,0.096
4,4,1,1,0,3,3,2,2,1,5,0,7,6,0,16,1,1,1,0,1,0,1,1,0,0,5.7421,-5.7421,5.7421
2,1,4,1,3,4,5,5,2,5,5,0,8,9,0,15,1,0,0,0,0,1,1,0,10,10,9.1174,0.8826,0.8826
1,1,1,1,3,2,3,5,2,5,4,0,6,5,0,18,1,0,1,0,0,0,1,1,0,0,4.8708,-4.8708,4.8708
2,1,1,1,1,4,4,4,3,5,5,6,12,13,0,16,1,0,1,0,0,1,0,1,14,14,13.146,0.8539999999999992,0.8539999999999992
3,3,2,3,2,4,2,1,2,3,3,8,10,10,1,15,0,1,1,0,1,1,1,1,10,10,9.5389,0.4611,0.4611
3,2,1,1,3,4,5,4,1,1,4,0,5,0,0,19,1,1,1,0,1,0,1,1,0,0,-0.2632,0.2632,0.2632
4,4,1,1,0,4,2,1,1,1,4,0,11,11,1,17,1,1,1,1,1,1,0,1,12,12,11.0261,0.9739000000000004,0.9739000000000004
2,3,1,2,0,4,4,4,1,1,1,2,11,8,0,15,0,1,1,1,0,1,0,0,8,8,8.1666,-0.1666000000000007,0.1666000000000007
1,2,1,1,0,2,2,2,3,3,5,8,16,12,0,17,0,0,1,0,0,1,0,0,13,13,12.6355,0.3644999999999996,0.3644999999999996
1,1,3,1,3,5,2,5,1,5,4,6,9,8,1,18,0,1,1,0,1,1,0,0,10,10,8.1595,1.8405000000000005,1.8405000000000005
2,2,3,1,0,4,2,2,1,2,3,2,17,15,0,16,0,1,1,0,0,1,0,0,15,15,15.7749,-0.7749000000000006,0.7749000000000006
3,3,1,2,1,4,5,5,4,4,5,4,10,12,0,16,1,1,1,0,1,1,1,1,12,12,11.5476,0.4524000000000008,0.4524000000000008
2,1,2,1,2,3,3,2,2,2,5,0,7,6,0,17,0,0,1,0,0,0,1,1,0,0,5.8677,-5.8677,5.8677
3,2,2,2,2,4,4,4,1,4,3,6,5,9,0,15,0,1,1,1,1,1,1,1,7,7,8.4102,-1.4101999999999997,1.4101999999999997
1,2,2,1,1,4,4,4,2,4,5,0,7,0,0,16,1,0,1,0,0,1,0,0,0,0,0.1606,-0.1606,0.1606
1,3,1,1,0,5,3,3,1,4,2,2,10,10,0,17,1,1,1,0,0,0,1,0,10,10,10.2058,-0.2057999999999999,0.2057999999999999
1,1,4,2,3,5,3,5,1,5,5,0,5,8,0,17,0,0,1,0,0,0,0,1,7,7,7.9658,-0.9657999999999998,0.9657999999999998
3,2,2,1,1,4,5,2,1,1,2,16,12,11,0,16,1,1,1,0,1,0,0,0,12,12,11.8813,0.1187000000000004,0.1187000000000004
2,2,1,2,0,4,3,5,2,4,4,4,10,10,0,16,1,1,1,0,0,0,1,0,10,10,10.2319,-0.2318999999999995,0.2318999999999995
4,2,1,2,0,4,2,3,1,1,3,0,14,15,1,16,1,1,1,0,0,1,1,1,16,16,15.033,0.9670000000000004,0.9670000000000004
4,4,1,2,0,4,4,2,1,1,3,0,14,14,1,16,1,1,1,0,1,1,1,1,14,14,13.9898,0.0101999999999993,0.0101999999999993
3,4,3,1,2,3,4,5,2,4,2,0,6,5,0,16,1,1,1,0,1,1,1,0,0,0,4.7482,-4.7482,4.7482
1,0,2,2,0,4,3,2,1,1,3,2,13,15,0,16,1,1,1,0,1,1,1,1,16,16,15.2967,0.7033000000000005,0.7033000000000005
4,4,1,2,0,4,4,4,1,3,5,0,13,11,0,17,1,0,1,0,1,1,1,0,10,10,11.3114,-1.3114000000000008,1.3114000000000008
1,3,1,2,3,4,3,5,1,1,3,0,8,7,1,16,1,1,1,0,0,1,1,1,0,0,6.4583,-6.4583,6.4583
3,3,2,2,0,4,4,5,1,1,4,4,10,11,1,16,1,0,1,0,1,1,1,0,9,9,11.3197,-2.319699999999999,2.319699999999999
4,3,2,2,0,4,4,4,4,4,4,4,10,9,0,17,1,0,1,0,0,1,1,0,9,9,9.0257,-0.0257000000000005,0.0257000000000005
2,2,2,2,0,3,4,4,1,4,5,2,13,13,1,16,1,1,1,0,0,1,1,0,11,11,13.2908,-2.290800000000001,2.290800000000001
3,3,1,2,0,4,3,4,1,4,4,4,6,5,0,17,1,1,1,0,0,1,1,0,6,6,4.5396,1.4604,1.4604
4,2,1,1,0,4,3,3,3,4,3,10,10,8,0,16,0,1,1,0,1,1,1,1,9,9,7.7778,1.2222,1.2222
4,3,1,2,0,5,2,3,1,1,2,4,10,10,0,17,1,1,1,0,1,1,1,1,11,11,9.8275,1.1724999999999994,1.1724999999999994
4,3,1,2,0,3,4,3,2,3,3,10,9,8,0,16,1,1,1,0,1,1,1,0,8,8,7.8935,0.1064999999999996,0.1064999999999996
3,3,1,2,0,4,2,3,1,2,3,2,12,13,0,16,1,1,1,0,0,1,1,1,12,12,12.8517,-0.8516999999999992,0.8516999999999992
2,4,1,2,0,5,4,2,2,3,5,0,16,17,1,17,1,1,1,0,1,1,0,0,17,17,17.2364,-0.2363999999999997,0.2363999999999997
3,3,1,2,0,5,3,3,2,3,1,56,9,9,1,17,1,0,1,0,1,1,1,1,8,8,9.7552,-1.7552000000000003,1.7552000000000003
3,2,1,2,0,1,2,2,1,2,1,14,12,13,1,16,1,1,1,0,1,1,1,0,12,12,13.3146,-1.3146000000000004,1.3146000000000004
3,3,1,2,0,4,3,4,2,3,4,12,12,12,0,17,1,1,1,0,1,1,1,1,11,11,12.1009,-1.100899999999999,1.100899999999999
1,2,1,1,0,3,3,3,1,2,3,2,11,12,0,16,1,1,1,0,1,1,1,1,11,11,12.0054,-1.0053999999999998,1.0053999999999998
2,1,1,2,0,4,2,3,1,2,5,0,15,15,0,16,1,0,1,0,0,1,1,1,15,15,15.4,-0.4000000000000003,0.4000000000000003
3,3,1,2,0,3,3,3,1,3,3,6,8,7,1,17,1,1,0,0,1,1,1,1,9,9,6.6851,2.3149,2.3149
1,2,1,2,0,3,1,3,1,5,3,4,8,9,0,17,0,1,1,0,0,1,0,0,10,10,8.6238,1.3762000000000008,1.3762000000000008
2,3,1,2,0,4,3,3,1,1,2,10,11,12,1,16,1,1,1,0,0,1,1,0,13,13,12.0373,0.9627,0.9627
1,1,1,2,0,5,3,3,1,1,3,0,8,8,1,17,1,1,1,0,0,1,1,0,9,9,7.7393,1.2607,1.2607
1,2,2,2,0,4,4,4,4,5,5,12,7,8,0,17,1,1,1,0,0,1,1,0,8,8,7.7363,0.2637,0.2637
3,3,1,1,0,4,3,2,3,4,5,8,8,9,0,16,0,1,1,0,1,1,1,0,10,10,8.489,1.5109999999999992,1.5109999999999992
2,3,2,1,0,5,3,3,1,1,3,0,13,14,0,16,1,1,1,0,0,1,1,0,14,14,14.2321,-0.2321000000000008,0.2321000000000008
2,4,1,2,0,4,3,2,1,1,5,0,14,15,1,17,1,0,1,0,0,1,1,1,15,15,15.0852,-0.0852000000000003,0.0852000000000003
4,4,1,1,0,5,2,3,1,2,5,4,17,15,0,17,1,1,1,0,0,1,1,0,16,16,15.4827,0.5173000000000005,0.5173000000000005
3,3,3,1,0,3,3,4,3,5,3,8,9,9,0,16,0,0,1,0,1,1,1,0,10,10,9.2072,0.7927999999999997,0.7927999999999997
4,4,2,1,1,4,2,4,2,3,2,24,18,18,1,17,1,1,1,0,1,1,1,0,18,18,19.0392,-1.039200000000001,1.039200000000001
4,4,1,2,0,4,5,2,1,2,3,0,9,9,1,16,1,0,1,0,1,1,1,0,10,10,8.8333,1.1667000000000003,1.1667000000000003
4,3,1,2,0,4,3,5,1,5,2,2,16,16,1,16,1,1,1,0,1,1,1,0,16,16,16.4659,-0.4659000000000013,0.4659000000000013
2,3,1,2,0,4,4,3,1,3,4,6,8,10,1,16,1,1,1,1,1,1,0,0,10,10,9.9854,0.0145999999999997,0.0145999999999997
1,1,1,2,0,4,4,4,1,3,1,4,9,9,1,17,1,1,1,0,1,1,0,0,10,10,9.0945,0.9055,0.9055
2,2,1,1,0,5,3,2,1,2,3,18,7,6,1,17,0,1,1,0,1,1,1,0,6,6,5.85,0.1500000000000003,0.1500000000000003
2,2,2,4,0,5,3,5,1,1,5,6,10,10,1,16,0,1,1,0,1,1,1,0,11,11,9.9664,1.0336,1.0336
3,4,1,3,1,4,4,3,3,4,5,28,10,9,1,17,1,1,1,0,1,1,1,1,9,9,8.9221,0.0778999999999996,0.0778999999999996
3,1,1,2,3,2,3,3,2,2,4,5,7,7,1,16,1,1,0,0,1,1,1,0,7,7,6.5129,0.4870999999999998,0.4870999999999998
4,3,1,2,0,1,3,2,1,1,1,10,11,12,1,16,1,1,1,0,0,1,1,1,13,13,11.8886,1.1113999999999995,1.1113999999999995
1,1,2,1,0,4,3,2,1,4,5,6,9,9,1,16,1,1,1,0,1,1,0,0,10,10,9.2156,0.7843999999999998,0.7843999999999998
4,3,2,3,0,4,4,2,1,1,4,6,7,7,1,17,0,1,1,0,1,1,1,1,7,7,6.4485,0.5514999999999999,0.5514999999999999
3,3,1,4,0,4,3,3,1,2,3,10,8,8,1,19,1,1,1,0,1,1,1,0,8,8,7.7425,0.2575000000000003,0.2575000000000003
4,4,1,2,0,5,3,5,4,5,3,13,12,12,0,17,1,0,1,0,1,1,1,1,13,13,12.1458,0.8542000000000005,0.8542000000000005
2,2,1,2,0,3,3,4,1,1,4,0,12,13,1,16,1,1,0,1,1,1,1,0,14,14,13.298,0.702,0.702
2,2,1,2,1,4,4,4,2,4,5,15,6,7,0,18,1,1,1,0,1,1,1,0,8,8,6.6805,1.3194999999999997,1.3194999999999997
4,4,1,1,0,5,2,1,1,2,3,12,8,10,1,17,0,0,1,0,1,1,0,0,10,10,9.8244,0.1755999999999993,0.1755999999999993
3,2,2,2,0,4,4,4,1,3,1,2,14,15,1,17,1,0,1,0,0,1,1,0,15,15,15.5556,-0.5556000000000001,0.5556000000000001
4,3,1,2,2,3,4,5,2,4,1,22,6,6,1,17,1,1,1,0,0,1,1,1,4,4,5.568,-1.5679999999999996,1.5679999999999996
3,3,1,2,1,3,2,4,2,4,4,13,6,6,0,18,1,0,1,0,1,1,1,0,8,8,5.8411,2.1589,2.1589
2,3,2,1,0,3,3,3,1,4,3,3,7,7,1,17,1,1,1,0,1,1,0,0,8,8,6.9442,1.0557999999999996,1.0557999999999996
2,2,1,3,0,4,3,3,1,1,4,4,9,10,1,17,1,1,1,0,1,1,1,0,10,10,9.8256,0.1744000000000003,0.1744000000000003
2,1,2,2,0,4,2,5,1,2,5,2,6,6,1,17,0,1,1,0,1,1,1,0,6,6,5.7341,0.2659000000000002,0.2659000000000002
1,1,1,3,1,4,3,4,1,1,5,0,6,5,1,17,1,1,1,0,1,1,0,1,0,0,4.5562,-4.5562,4.5562
2,3,1,2,0,2,3,1,1,1,3,2,16,16,1,16,1,1,1,1,0,1,1,0,17,17,16.49,0.5100000000000016,0.5100000000000016
2,2,2,2,0,3,3,3,5,5,4,0,12,13,0,18,1,1,1,0,1,1,1,0,13,13,12.9694,0.0305999999999997,0.0305999999999997
4,4,1,3,0,5,3,2,1,1,5,0,13,13,1,16,1,1,1,0,1,1,1,0,14,14,12.9328,1.0671999999999997,1.0671999999999997
3,1,1,2,1,5,3,3,1,1,4,16,9,8,1,18,0,1,1,0,0,1,1,1,7,7,7.7373,-0.7373000000000003,0.7373000000000003
3,2,1,2,0,5,3,4,1,3,3,10,16,15,1,17,1,1,1,0,0,1,1,0,15,15,15.5681,-0.5680999999999994,0.5680999999999994
2,3,1,2,0,5,3,3,1,3,3,2,12,11,0,17,1,0,1,0,1,1,1,0,12,12,11.2928,0.7072000000000003,0.7072000000000003
2,1,4,2,0,4,3,2,4,5,3,14,10,8,0,18,1,0,1,1,1,1,1,1,9,9,8.7788,0.2211999999999996,0.2211999999999996
2,1,2,3,0,3,2,3,1,2,3,10,12,10,1,17,1,1,0,0,0,1,1,1,12,12,10.2725,1.7274999999999991,1.7274999999999991
4,3,1,2,0,3,2,3,1,2,3,14,13,13,1,17,1,0,1,0,0,1,1,1,14,14,13.3556,0.6443999999999992,0.6443999999999992
2,2,2,2,0,4,5,2,1,1,1,4,11,11,0,17,0,1,1,0,1,1,1,0,11,11,11.0358,-0.0358,0.0358
4,4,1,2,0,4,5,5,1,3,2,14,11,9,0,17,1,1,1,1,1,1,1,1,9,9,9.3395,-0.3394999999999992,0.3394999999999992
4,4,1,2,0,4,2,4,2,4,1,2,14,13,0,16,1,1,1,0,1,1,1,0,13,13,13.2044,-0.2043999999999997,0.2043999999999997
1,1,2,2,0,3,4,2,1,1,5,18,9,7,0,16,1,0,1,0,1,1,1,0,6,6,7.5764,-1.5763999999999996,1.5763999999999996
3,2,2,3,0,5,3,3,1,3,2,10,11,9,0,16,1,1,1,0,0,1,1,1,10,10,9.1167,0.8833000000000002,0.8833000000000002
2,2,1,2,0,4,4,2,5,5,4,4,14,13,0,17,1,0,1,0,0,1,1,1,13,13,13.0464,-0.0464000000000002,0.0464000000000002
2,1,1,1,0,4,5,2,1,1,5,20,13,12,1,16,1,1,1,0,0,1,1,1,12,12,12.4021,-0.4021000000000008,0.4021000000000008
2,1,3,2,0,2,1,1,1,1,3,2,13,11,1,17,0,1,1,0,0,1,0,0,11,11,11.4182,-0.4182000000000005,0.4182000000000005
2,2,1,2,1,5,5,4,3,5,2,0,7,7,0,18,1,1,1,0,0,0,1,0,0,0,6.7129,-6.7129,6.7129
4,3,2,2,0,2,5,5,1,4,5,14,12,12,0,17,1,0,1,0,0,1,1,1,12,12,12.4439,-0.4438999999999993,0.4438999999999993
4,4,2,2,0,3,3,3,2,3,4,2,10,11,0,17,0,0,0,0,1,1,1,0,12,12,10.8701,1.1298999999999992,1.1298999999999992
4,3,1,1,0,5,4,5,1,1,3,0,6,0,0,16,1,0,1,0,0,1,1,0,0,0,-0.0764,0.0764,0.0764
4,4,1,1,0,5,3,2,1,2,5,0,13,12,0,16,1,1,1,0,0,1,1,0,12,12,11.9819,0.0181000000000004,0.0181000000000004
2,1,2,3,0,4,4,4,1,1,3,0,7,0,1,18,1,1,1,0,1,1,1,1,0,0,-0.0257,0.0257,0.0257
2,1,3,1,0,4,3,3,1,1,4,6,18,18,0,16,1,1,1,0,0,1,1,0,18,18,19.0527,-1.0527000000000015,1.0527000000000015
2,3,2,1,0,5,2,2,1,1,2,4,12,12,0,17,1,1,1,0,0,1,1,0,13,13,12.2229,0.7771000000000008,0.7771000000000008
3,1,1,1,3,5,4,5,5,5,1,16,6,8,0,22,1,1,1,0,0,0,1,1,8,8,7.6352,0.3647999999999998,0.3647999999999998
3,3,1,2,1,4,3,3,1,3,5,8,3,5,0,18,0,0,1,0,1,1,1,1,5,5,4.1473,0.8526999999999996,0.8526999999999996
0,2,1,1,0,4,3,2,2,4,5,0,13,15,0,16,1,1,1,0,0,1,1,0,15,15,14.9965,0.0035000000000007,0.0035000000000007
3,2,2,1,1,4,4,5,2,4,5,0,6,8,0,18,1,1,1,0,0,0,1,0,8,8,7.8591,0.1409000000000002,0.1409000000000002
3,3,3,2,0,5,3,3,1,3,2,6,7,10,0,16,1,1,1,1,1,1,1,0,10,10,10.1054,-0.1053999999999995,0.1053999999999995
2,1,1,1,1,3,2,5,2,5,5,4,6,9,0,18,1,1,1,0,0,0,1,0,8,8,8.836,-0.8360000000000003,0.8360000000000003
2,1,2,1,0,3,3,2,1,3,3,0,8,9,0,16,0,1,1,0,0,1,0,0,8,8,8.754,-0.7539999999999996,0.7539999999999996
2,1,1,1,0,4,4,2,2,4,5,0,8,12,0,17,0,1,1,0,0,1,1,0,12,12,11.3316,0.6684000000000001,0.6684000000000001
1,1,2,1,1,4,4,4,1,2,5,2,7,9,0,17,1,0,1,0,1,1,1,0,8,8,9.0635,-1.0634999999999994,1.0634999999999994
4,2,1,4,0,4,2,3,1,1,4,6,14,12,1,17,1,0,1,0,1,1,1,0,13,13,12.491,0.5090000000000003,0.5090000000000003
4,3,1,2,0,4,3,1,1,1,1,12,11,11,0,19,1,0,0,0,1,1,1,0,11,11,11.2374,-0.2373999999999991,0.2373999999999991
2,1,1,2,0,5,2,4,1,2,4,8,15,14,0,18,1,1,1,0,0,1,1,0,14,14,14.529,-0.5289999999999999,0.5289999999999999
2,2,1,4,0,3,4,1,1,1,2,0,10,9,1,17,1,0,1,0,0,1,1,1,0,0,8.7685,-8.7685,8.7685
4,3,1,2,0,3,1,2,1,3,2,21,17,18,1,18,1,1,1,0,1,1,1,1,18,18,18.6593,-0.6593000000000018,0.6593000000000018
4,3,1,2,0,4,3,2,1,1,3,2,8,8,0,18,1,1,1,0,1,1,1,0,8,8,7.6745,0.3254999999999999,0.3254999999999999
3,2,1,3,0,5,3,2,1,1,3,1,13,12,0,18,0,1,1,0,0,1,0,0,12,12,11.9257,0.0742999999999991,0.0742999999999991
3,3,1,3,0,3,2,3,1,1,4,4,10,9,1,17,1,1,1,0,0,1,0,0,9,9,8.9018,0.0982000000000002,0.0982000000000002
2,2,1,3,0,4,3,3,1,1,3,0,9,10,1,18,1,1,1,0,1,1,1,1,0,0,9.659,-9.659,9.659
3,4,2,2,0,4,2,5,3,4,1,13,17,17,0,18,0,0,0,0,1,1,1,0,17,17,17.7635,-0.7635000000000005,0.7635000000000005
3,1,1,2,0,5,4,4,3,4,5,2,9,9,0,17,1,1,1,0,0,1,1,1,10,10,8.581,1.4190000000000005,1.4190000000000005
4,4,2,2,0,4,3,4,2,2,4,8,12,10,1,18,0,1,1,0,0,1,1,0,11,11,10.0345,0.9655000000000004,0.9655000000000004
4,2,1,2,0,5,4,5,1,3,5,10,10,9,0,18,1,1,1,0,1,1,1,1,10,10,9.0264,0.9735999999999994,0.9735999999999994
2,1,2,2,0,4,3,5,1,2,3,0,6,0,1,18,0,1,1,0,1,0,1,1,0,0,0.0502,-0.0502,0.0502
3,3,1,2,2,4,3,5,3,3,5,15,9,9,1,19,1,1,1,0,1,1,1,0,9,9,8.6932,0.3068000000000008,0.3068000000000008
2,3,1,4,0,4,5,5,1,3,2,4,15,14,1,18,1,1,1,0,1,1,1,1,14,14,14.0144,-0.0144000000000001,0.0144000000000001
1,1,2,2,0,4,4,3,1,1,3,2,11,11,1,18,1,0,1,0,1,1,0,0,11,11,11.5985,-0.5984999999999996,0.5984999999999996
1,2,1,2,0,3,5,2,2,2,1,2,15,14,0,17,0,1,1,0,1,1,0,1,14,14,14.4429,-0.4428999999999998,0.4428999999999998
2,4,2,2,0,4,3,3,1,1,1,2,10,10,1,17,1,1,1,0,1,1,1,1,10,10,10.0324,-0.0324000000000008,0.0324000000000008
2,2,2,2,0,4,4,4,2,3,5,6,12,12,1,17,1,0,1,1,1,1,1,1,12,12,12.108,-0.1080000000000005,0.1080000000000005
3,2,2,2,0,4,1,1,1,1,5,75,10,9,1,18,0,1,0,0,0,0,1,1,9,9,10.4664,-1.4664,1.4664
4,4,2,1,0,3,2,4,1,4,3,22,9,9,0,18,1,1,1,0,0,1,1,0,9,9,9.4813,-0.4812999999999992,0.4812999999999992
4,4,1,2,1,2,4,4,1,1,4,15,9,8,1,18,1,1,1,1,1,1,1,1,8,8,7.4675,0.5324999999999998,0.5324999999999998
4,3,2,1,0,4,2,3,1,2,1,8,10,11,0,18,1,0,1,0,0,1,1,0,10,10,11.3613,-1.3613,1.3613
4,1,2,1,0,4,5,4,2,4,5,30,8,8,0,17,1,0,0,0,0,1,1,1,8,8,8.6444,-0.6443999999999992,0.6443999999999992
3,2,1,1,1,4,4,4,3,4,3,19,11,9,0,17,1,0,0,0,0,1,1,0,10,10,9.5898,0.4101999999999997,0.4101999999999997
1,1,2,4,0,5,2,2,1,1,3,1,12,12,1,18,0,0,1,0,1,1,0,0,12,12,12.5661,-0.5661000000000005,0.5661000000000005
1,1,2,2,0,5,4,4,1,1,4,4,8,9,1,18,1,1,1,1,0,1,1,0,10,10,8.9324,1.0676000000000003,1.0676000000000003
2,2,1,2,0,5,4,5,1,2,5,4,10,9,1,17,1,1,1,0,1,1,1,0,11,11,9.1772,1.8228000000000009,1.8228000000000009
1,1,1,2,0,4,3,3,1,2,4,2,12,10,0,17,1,1,1,0,0,1,1,0,11,11,10.3157,0.6843000000000004,0.6843000000000004
2,2,1,3,0,4,3,3,1,2,2,5,18,18,1,18,1,1,1,0,1,1,1,0,19,19,18.6328,0.3672000000000004,0.3672000000000004
1,1,1,3,0,4,3,3,1,1,3,6,13,12,1,17,1,1,1,0,1,1,1,0,12,12,12.4096,-0.4095999999999993,0.4095999999999993
2,1,1,3,0,4,2,4,1,3,2,6,15,14,0,18,1,1,1,0,0,1,1,0,14,14,14.5377,-0.5376999999999992,0.5376999999999992
4,4,1,2,0,5,4,3,1,1,2,9,15,13,0,18,1,0,0,0,1,1,1,0,15,15,13.7985,1.2014999999999991,1.2014999999999991
4,2,1,2,0,4,3,2,1,4,5,11,12,11,0,18,1,1,1,0,1,1,1,1,11,11,11.3721,-0.3720999999999996,0.3720999999999996
4,3,1,3,0,4,2,2,1,2,3,0,15,15,1,17,1,1,1,0,1,1,1,0,15,15,15.2976,-0.2975999999999992,0.2975999999999992
2,1,1,2,1,5,4,3,1,1,5,12,12,12,1,18,1,0,1,0,0,1,1,1,13,13,11.9111,1.0889000000000006,1.0889000000000006
3,1,2,4,0,3,1,2,1,1,3,6,18,18,1,17,0,0,1,0,1,1,0,0,18,18,18.9001,-0.9000999999999983,0.9000999999999983
3,2,2,3,0,5,4,2,1,1,4,8,14,13,0,18,0,0,1,0,1,1,1,0,14,14,13.4645,0.5355000000000008,0.5355000000000008
3,3,1,1,0,4,4,3,1,3,5,4,14,12,0,17,1,1,1,0,1,1,1,0,11,11,12.5212,-1.5212000000000003,1.5212000000000003
4,4,2,2,0,2,3,4,2,3,2,0,10,9,1,19,1,1,1,0,1,1,1,0,0,0,9.0297,-9.0297,9.0297
4,3,2,2,0,4,4,5,1,2,2,10,10,8,1,18,1,0,1,0,1,1,1,1,8,8,8.2257,-0.2256999999999998,0.2256999999999998
4,3,1,4,0,4,3,3,1,1,3,0,14,13,1,18,1,1,1,0,1,1,1,0,14,14,13.0294,0.9705999999999992,0.9705999999999992
4,4,1,1,0,1,4,2,2,2,1,5,16,15,0,18,1,0,1,0,1,1,1,1,16,16,15.1941,0.8058999999999994,0.8058999999999994
4,4,1,2,0,4,2,4,1,1,4,14,12,10,1,18,1,0,0,0,1,1,1,1,11,11,10.519,0.4809999999999998,0.4809999999999998
4,4,2,1,0,4,1,1,2,2,5,0,11,11,0,17,1,0,1,0,0,1,1,0,10,10,11.1642,-1.1641999999999992,1.1641999999999992
4,2,2,3,0,4,3,3,1,1,3,0,15,12,1,17,1,1,1,0,1,1,1,0,14,14,12.5236,1.4764,1.4764
3,2,1,4,0,5,2,2,1,2,5,0,17,17,1,17,1,1,1,0,1,1,1,0,18,18,17.3826,0.6174,0.6174
3,3,1,2,1,4,4,4,1,1,3,20,15,14,0,19,1,1,1,0,1,1,1,1,13,13,14.2665,-1.2665000000000006,1.2665000000000006
2,4,1,2,1,4,4,3,1,1,3,8,14,12,1,18,1,1,1,0,1,1,1,0,12,12,12.1737,-0.1737000000000002,0.1737000000000002
3,2,1,1,0,5,5,3,1,1,5,0,17,18,0,20,1,1,0,0,0,1,0,0,18,18,18.8077,-0.8077000000000005,0.8077000000000005
4,4,2,1,1,4,3,4,1,1,4,38,8,9,0,19,1,1,1,0,1,1,1,1,8,8,9.2544,-1.2544000000000004,1.2544000000000004
3,3,1,2,1,4,5,3,1,2,5,0,15,12,0,19,0,1,1,0,0,1,0,1,12,12,11.9967,0.0032999999999994,0.0032999999999994
1,1,1,2,1,4,4,3,1,3,3,18,12,10,1,19,1,0,1,1,1,1,1,0,10,10,10.4884,-0.4884000000000004,0.4884000000000004
1,2,1,2,1,4,2,4,2,2,3,0,9,9,1,19,1,0,1,0,0,1,0,1,0,0,8.8245,-8.8245,8.8245
2,1,3,2,0,3,4,1,1,1,2,20,14,12,1,19,1,1,1,0,1,0,1,1,13,13,12.7619,0.2380999999999993,0.2380999999999993
1,2,1,2,1,4,5,2,2,2,4,3,13,11,0,19,1,1,1,0,0,1,1,0,11,11,10.9468,0.0532000000000003,0.0532000000000003
3,2,2,2,1,4,2,2,1,2,1,22,13,10,1,19,1,0,1,0,1,1,1,1,11,11,10.777,0.2230000000000007,0.2230000000000007
1,1,1,3,2,4,1,2,1,1,3,14,15,13,1,19,1,1,1,0,0,1,1,1,13,13,13.1378,-0.1378000000000003,0.1378000000000003
2,3,1,3,1,4,1,2,1,1,3,40,13,11,1,19,0,1,1,0,0,1,1,1,11,11,11.4838,-0.4838000000000004,0.4838000000000004
2,1,2,2,0,5,3,3,1,2,1,0,8,8,1,18,1,1,1,0,1,1,1,0,0,0,8.3775,-8.3775,8.3775
4,3,1,3,0,4,3,4,1,1,5,9,9,10,1,18,1,1,1,0,1,1,1,1,9,9,9.6599,-0.6599000000000004,0.6599000000000004
3,4,1,3,0,4,3,4,2,5,5,0,11,11,1,17,0,1,1,0,1,1,1,0,10,10,10.8983,-0.8983000000000008,0.8983000000000008
4,4,1,2,0,4,4,4,3,3,5,2,11,11,1,18,1,1,1,0,1,1,1,0,11,11,10.8553,0.1447000000000002,0.1447000000000002
4,3,1,2,0,5,2,2,1,2,5,23,13,13,1,17,1,1,0,0,1,1,1,1,13,13,13.8295,-0.8294999999999995,0.8294999999999995
2,2,1,3,0,3,3,2,2,2,3,3,11,11,1,17,0,0,1,0,1,1,1,0,11,11,10.9948,0.0052000000000003,0.0052000000000003
3,1,1,3,0,3,4,3,2,3,5,1,12,14,1,17,1,1,1,0,1,1,1,0,15,15,13.9053,1.0946999999999996,1.0946999999999996
0,2,2,3,0,3,3,3,2,3,2,0,16,15,1,17,1,0,1,0,0,1,1,0,15,15,15.416,-0.4160000000000003,0.4160000000000003
4,4,1,3,0,4,3,3,2,2,3,3,9,12,0,18,1,1,1,0,0,1,1,0,11,11,11.4646,-0.4646000000000008,0.4646000000000008
3,3,1,1,0,4,3,5,3,5,5,3,14,15,0,17,1,1,1,0,0,1,1,0,16,16,15.2125,0.7874999999999996,0.7874999999999996
2,2,4,1,0,4,4,5,5,5,4,8,11,10,0,17,0,1,1,0,1,1,1,0,10,10,10.6917,-0.6917000000000009,0.6917000000000009
4,4,1,3,0,5,4,4,1,3,4,7,10,9,1,17,1,1,1,0,1,1,1,0,9,9,9.0237,-0.0236999999999998,0.0236999999999998
4,4,2,3,0,4,3,3,1,2,4,4,14,14,1,17,1,1,1,0,1,1,1,1,14,14,14.0859,-0.0859000000000005,0.0859000000000005
2,2,1,4,0,4,5,5,2,4,5,2,9,8,0,18,1,0,1,0,1,1,1,0,8,8,7.7432,0.2568000000000001,0.2568000000000001
2,4,1,3,0,4,4,3,1,1,5,7,12,14,1,17,0,1,1,0,1,1,1,1,14,14,13.6326,0.3673999999999999,0.3673999999999999
3,3,1,2,0,5,3,4,1,1,4,0,7,0,1,18,1,1,1,0,0,1,1,0,0,0,0.059,-0.059,0.059
2,2,1,2,0,4,3,3,1,1,2,0,8,8,1,18,1,0,1,0,0,1,1,1,0,0,7.6953,-7.6953,7.6953
2,2,2,4,0,4,4,4,1,1,4,0,10,9,1,18,0,1,1,0,0,1,0,0,0,0,8.9618,-8.9618,8.9618
3,4,1,3,0,4,4,5,1,3,5,16,16,15,1,17,1,1,1,0,0,1,1,0,15,15,15.2832,-0.2832000000000008,0.2832000000000008
3,1,1,3,1,5,4,3,1,2,5,12,14,13,1,19,0,1,0,0,0,1,0,0,13,13,13.6388,-0.6387999999999998,0.6387999999999998
3,2,1,2,0,4,3,2,2,3,2,0,7,8,1,17,1,1,1,0,1,1,1,1,0,0,7.7914,-7.7914,7.7914
3,3,1,4,0,5,3,3,1,1,1,7,16,15,1,18,1,0,1,0,1,1,1,0,17,17,15.4321,1.5678999999999998,1.5678999999999998
3,2,1,2,0,4,3,3,2,3,2,4,9,10,1,17,0,1,0,0,1,1,1,0,10,10,10.3663,-0.3663000000000007,0.3663000000000007
2,1,1,3,1,4,3,4,1,3,3,4,11,12,1,19,1,1,1,0,0,1,1,1,11,11,11.6862,-0.6861999999999995,0.6861999999999995
4,4,1,2,1,4,3,3,2,2,2,0,10,10,0,18,1,1,1,0,1,1,1,0,0,0,9.7431,-9.7431,9.7431
3,4,1,2,0,4,3,3,1,3,5,11,16,15,0,18,1,0,1,0,0,1,1,1,15,15,15.2563,-0.2562999999999995,0.2562999999999995
2,2,1,2,1,3,3,1,1,2,4,0,9,8,1,17,1,1,0,0,1,1,1,1,0,0,7.989,-7.989,7.989
2,3,1,3,0,4,3,3,1,2,3,4,11,10,1,18,1,1,1,0,1,1,1,0,10,10,10.141,-0.141,0.141
3,2,1,3,0,5,4,3,2,3,1,7,13,13,1,18,1,1,1,0,0,1,1,1,14,14,13.0654,0.9345999999999997,0.9345999999999997
4,3,1,3,0,5,3,2,1,2,4,9,16,15,0,18,0,1,1,0,0,1,1,1,16,16,15.179,0.8209999999999997,0.8209999999999997
4,3,1,3,0,5,4,5,2,3,5,0,10,10,0,18,1,1,1,0,1,1,1,1,9,9,9.6495,-0.6494999999999997,0.6494999999999997
4,3,1,3,0,4,4,3,1,3,4,0,13,15,1,17,1,1,1,0,1,1,1,1,15,15,14.7783,0.2217000000000002,0.2217000000000002
3,2,2,1,1,2,5,5,5,5,5,10,11,13,0,18,0,1,1,0,1,1,1,0,13,13,12.8416,0.1584000000000003,0.1584000000000003
1,1,3,2,3,5,4,4,3,3,2,8,8,7,0,19,0,1,1,0,0,1,1,0,8,8,6.729,1.271,1.271
3,3,2,2,0,4,5,4,2,3,3,2,13,13,0,17,1,1,1,0,1,1,1,0,13,13,13.2572,-0.2571999999999992,0.2571999999999992
1,3,1,1,1,4,3,3,2,3,3,7,8,7,0,18,1,0,1,0,0,0,1,1,8,8,6.6063,1.3937,1.3937
1,1,3,1,1,4,4,4,3,3,5,4,8,8,0,19,0,1,1,0,1,1,1,0,8,8,8.1288,-0.1288,0.1288
4,3,2,2,0,4,5,5,1,3,2,4,13,11,0,17,0,1,1,0,1,1,1,1,11,11,11.2483,-0.2483000000000004,0.2483000000000004
3,3,1,2,0,5,3,4,1,1,5,0,10,9,1,18,1,1,1,0,1,1,0,1,9,9,9.1269,-0.1268999999999991,0.1268999999999991
4,4,2,2,0,4,3,3,1,2,5,4,12,13,1,17,0,1,1,0,1,1,1,0,13,13,13.1258,-0.1257999999999999,0.1257999999999999
3,2,2,2,0,1,2,3,1,2,5,2,12,12,1,17,1,0,0,0,0,1,0,1,11,11,12.4077,-1.4077000000000002,1.4077000000000002
1,1,2,1,0,3,3,2,1,2,3,4,10,10,0,18,1,0,1,0,0,1,1,1,10,10,10.2005,-0.2004999999999999,0.2004999999999999
1,1,2,3,0,5,3,2,1,1,4,0,18,16,1,18,1,0,1,0,0,1,1,0,16,16,16.6747,-0.6747000000000014,0.6747000000000014
1,4,3,2,0,4,3,4,1,4,5,0,13,13,1,18,0,0,0,0,0,1,0,1,13,13,13.6476,-0.6476000000000006,0.6476000000000006
1,1,2,2,1,4,4,3,2,3,5,2,13,12,0,18,0,0,1,0,0,0,0,0,12,12,12.1962,-0.1961999999999992,0.1961999999999992
3,3,2,2,0,4,3,2,1,3,3,0,11,11,1,18,1,1,1,0,1,1,1,1,10,10,11.1596,-1.1595999999999993,1.1595999999999993
4,4,1,2,0,2,3,4,1,1,1,0,16,15,1,17,1,0,1,0,1,1,1,1,15,15,15.0795,-0.0794999999999994,0.0794999999999994
1,2,2,2,0,3,2,2,1,2,3,0,12,11,1,17,0,1,1,0,0,1,0,0,12,12,11.5391,0.4609000000000005,0.4609000000000005
1,3,2,2,0,3,3,4,2,4,3,4,10,10,0,18,0,1,1,0,1,1,0,0,10,10,10.4741,-0.4740999999999999,0.4740999999999999
4,4,2,3,0,4,2,2,2,2,5,0,13,13,0,18,1,0,1,0,0,1,1,1,13,13,12.787,0.2129999999999992,0.2129999999999992
1,1,3,1,1,5,2,1,1,2,1,0,7,6,1,17,0,1,1,0,1,1,1,1,0,0,6.3386,-6.3386,6.3386
2,3,2,1,0,5,2,3,1,2,4,0,11,10,1,18,1,1,1,0,1,1,1,1,10,10,10.3886,-0.3886000000000003,0.3886000000000003
4,4,3,2,0,3,2,2,4,2,5,10,14,12,1,18,0,1,1,0,1,1,1,1,11,11,12.332,-1.3320000000000007,1.3320000000000007
3,2,2,2,2,3,2,2,1,1,3,4,7,7,1,19,1,0,1,0,0,1,0,1,9,9,6.6243,2.3757,2.3757
1,2,3,1,0,4,3,3,2,3,3,3,14,12,0,18,0,0,1,0,1,0,1,1,12,12,12.6055,-0.6054999999999993,0.6054999999999993
2,2,1,3,0,3,4,3,1,1,3,8,13,11,1,17,1,1,1,0,0,1,0,1,11,11,11.1955,-0.1954999999999991,0.1954999999999991
1,2,1,1,0,3,5,5,1,3,1,14,6,5,1,17,0,1,1,0,0,1,1,0,5,5,5.0549,-0.0548999999999999,0.0548999999999999
4,4,2,3,0,5,4,4,1,1,1,0,19,18,1,18,0,0,1,0,0,1,1,0,19,19,18.3681,0.6319000000000017,0.6319000000000017
1,1,4,3,0,4,3,2,1,2,4,2,8,8,1,18,0,1,1,0,0,1,1,0,10,10,8.2106,1.7894000000000003,1.7894000000000003
4,2,2,3,2,5,4,3,1,1,3,4,15,14,1,20,1,1,1,0,1,1,1,1,15,15,13.9157,1.0843000000000007,1.0843000000000007
4,4,1,2,0,5,4,3,3,4,2,4,8,9,1,18,0,0,1,0,0,1,1,0,10,10,8.7026,1.2973999999999997,1.2973999999999997
3,3,1,2,0,4,1,3,1,2,1,0,15,15,1,18,1,1,1,0,0,1,1,1,15,15,15.2424,-0.2423999999999999,0.2423999999999999
3,1,1,2,0,4,5,4,2,3,1,17,10,10,1,17,0,1,1,0,1,1,1,0,10,10,10.3914,-0.3914000000000008,0.3914000000000008
4,4,1,2,0,3,2,4,1,4,2,4,15,14,0,18,1,1,1,0,0,1,1,0,14,14,14.3526,-0.3526000000000007,0.3526000000000007
2,1,2,1,0,4,4,3,1,3,5,5,7,6,0,18,0,1,1,0,0,1,1,1,7,7,6.0016,0.9984000000000002,0.9984000000000002
2,3,2,2,0,4,4,3,1,1,3,2,11,11,0,17,1,1,1,0,0,1,1,0,10,10,11.0315,-1.0314999999999994,1.0314999999999994
1,1,2,1,1,4,3,2,1,3,5,0,6,5,0,19,0,1,1,0,0,1,0,0,0,0,5.156,-5.156,5.156
4,2,2,1,1,5,4,3,4,3,3,14,6,5,0,18,0,1,1,0,0,1,0,0,5,5,5.1667,-0.1666999999999996,0.1666999999999996
2,2,2,3,0,5,3,3,1,3,4,2,10,9,1,18,0,1,1,0,0,1,0,0,10,10,9.3803,0.6196999999999999,0.6196999999999999
4,4,3,1,0,4,4,3,2,2,5,7,6,5,1,18,0,1,1,0,1,1,1,1,6,6,4.9009,1.0991,1.0991
2,3,1,3,1,5,4,2,1,2,5,0,7,5,1,19,0,1,1,0,0,1,1,0,0,0,4.4279,-4.4279,4.4279
3,1,1,2,0,4,3,4,1,1,1,0,7,9,1,18,1,0,1,0,1,1,1,0,8,8,8.9193,-0.9192999999999998,0.9192999999999998
1,1,2,2,1,1,1,1,1,1,5,0,6,5,1,18,1,1,1,0,0,1,0,0,0,0,4.9059,-4.9059,4.9059
2,2,1,2,2,5,5,4,4,5,4,11,9,9,0,20,1,0,0,0,1,1,0,0,9,9,9.2794,-0.2794000000000007,0.2794000000000007
3,1,2,1,0,2,4,5,3,4,2,3,14,16,0,17,1,0,1,0,0,1,1,0,16,16,16.2816,-0.2816000000000009,0.2816000000000009
1,1,1,1,3,5,5,3,3,3,3,3,10,8,0,21,0,1,1,0,0,1,0,0,7,7,7.8418,-0.8418000000000001,0.8418000000000001
3,2,3,1,0,4,4,1,3,4,5,0,11,12,0,18,0,0,1,0,0,1,1,0,10,10,12.2215,-2.2215000000000007,2.2215000000000007
1,1,1,1,0,3,2,3,3,3,5,5,8,9,0,19,1,0,1,0,0,1,1,0,9,9,8.9993,0.0007000000000001,0.0007000000000001
2,3,2,3,0,3,2,3,2,2,1,4,13,12,0,16,1,1,1,0,1,1,1,1,13,13,12.2418,0.7582000000000004,0.7582000000000004
2,1,1,2,3,5,4,5,1,3,5,10,10,9,1,18,1,1,1,0,1,0,1,1,8,8,8.4754,-0.4754000000000005,0.4754000000000005
2,1,3,1,0,3,2,2,1,2,5,8,11,10,1,17,1,0,0,0,1,1,1,0,11,11,11.0879,-0.0878999999999994,0.0878999999999994
2,1,4,1,0,3,2,1,1,1,2,4,9,9,0,16,1,1,1,0,0,1,0,0,11,11,9.855,1.1449999999999996,1.1449999999999996
2,2,1,1,1,5,3,4,1,1,5,12,13,11,1,16,1,1,0,0,0,1,0,0,11,11,11.8677,-0.8676999999999992,0.8676999999999992
1,1,4,2,0,5,1,3,1,1,3,0,14,13,1,16,0,1,1,0,1,1,0,0,13,13,14.2828,-1.2828,1.2828
3,1,2,1,0,3,3,4,4,5,4,2,11,11,0,18,1,0,1,0,0,1,1,1,12,12,11.1081,0.8918999999999997,0.8918999999999997
3,2,1,3,0,4,3,3,5,1,5,10,12,11,1,18,1,1,0,0,1,1,1,1,11,11,11.1385,-0.1385000000000005,0.1385000000000005
1,1,2,1,0,3,3,3,1,2,1,8,12,11,1,16,0,1,1,0,1,1,0,1,11,11,11.865,-0.8650000000000002,0.8650000000000002
1,1,3,1,1,5,5,5,1,1,1,2,8,9,1,15,0,1,1,0,0,1,1,1,9,9,8.4109,0.5891000000000002,0.5891000000000002
3,3,1,2,0,1,3,2,2,3,1,24,9,8,1,15,1,1,0,0,0,1,0,1,9,9,7.9845,1.0155000000000003,1.0155000000000003
4,4,1,3,0,5,3,3,1,3,5,0,15,13,0,16,1,1,1,0,1,1,1,0,13,13,13.2346,-0.2346000000000003,0.2346000000000003
2,1,2,1,0,4,4,2,1,1,5,0,11,10,1,15,1,0,0,0,1,0,1,1,10,10,10.3812,-0.3811999999999997,0.3811999999999997
1,2,1,2,0,2,3,4,2,4,1,6,11,11,1,15,1,1,1,0,0,1,0,1,11,11,10.5655,0.4344999999999999,0.4344999999999999
1,2,2,1,2,4,4,5,3,5,5,0,9,8,0,16,1,0,1,0,0,1,1,0,10,10,7.4468,2.5532000000000004,2.5532000000000004
3,2,2,2,2,4,4,4,1,4,3,4,7,6,0,17,0,1,1,1,1,1,1,1,8,8,5.3214,2.6786000000000003,2.6786000000000003
1,2,2,1,0,4,4,4,2,4,5,2,8,9,0,15,1,0,1,0,0,1,0,0,10,10,8.9221,1.0778999999999996,1.0778999999999996
1,3,1,1,1,5,3,3,1,4,2,2,9,8,0,16,1,1,1,0,0,0,1,0,8,8,7.6355,0.3644999999999996,0.3644999999999996
3,2,2,1,3,4,5,2,1,1,2,10,8,7,0,17,1,1,1,0,1,0,0,0,8,8,6.5966,1.4034000000000004,1.4034000000000004
4,1,1,2,0,5,3,3,1,2,5,0,14,13,1,16,1,1,0,0,0,1,1,1,13,13,13.4392,-0.4391999999999996,0.4391999999999996
2,4,2,2,1,4,3,3,1,1,3,18,10,10,1,18,1,0,0,0,1,1,1,0,10,10,10.3013,-0.3012999999999994,0.3012999999999994
2,2,1,2,1,5,3,1,1,1,5,16,9,8,1,18,1,0,1,0,1,1,1,1,10,10,7.741,2.2590000000000003,2.2590000000000003
3,3,2,1,1,4,1,1,1,1,3,14,8,7,1,18,1,1,1,0,0,0,1,0,7,7,6.7019,0.2980999999999998,0.2980999999999998
2,2,1,1,1,4,4,3,2,2,1,26,7,8,0,18,1,1,1,0,1,0,1,1,8,8,7.7936,0.2064000000000003,0.2064000000000003
4,4,1,1,0,4,2,1,1,2,5,6,10,8,0,17,1,1,1,0,1,1,1,0,9,9,7.9285,1.0715000000000003,1.0715000000000003
3,2,1,2,0,5,4,2,1,1,3,4,14,14,1,17,1,1,1,0,0,1,0,0,15,15,14.2868,0.7132000000000005,0.7132000000000005
1,1,1,3,0,4,3,2,1,2,4,10,11,10,1,17,1,0,1,0,1,1,1,1,10,10,9.9009,0.0990999999999999,0.0990999999999999
1,2,1,1,0,5,3,5,1,2,5,4,12,11,1,16,1,1,1,0,0,0,1,0,11,11,11.2574,-0.2574000000000005,0.2574000000000005
1,4,4,1,1,5,5,4,1,1,5,14,9,9,1,17,0,0,0,0,1,1,1,0,8,8,9.5571,-1.5571000000000002,1.5571000000000002
2,2,1,1,1,3,1,2,1,1,1,8,11,9,1,17,1,0,0,0,1,0,1,0,10,10,9.2856,0.7143999999999995,0.7143999999999995
1,1,2,3,0,4,3,3,1,3,5,4,15,14,1,17,0,0,1,0,0,1,1,0,15,15,14.3493,0.6507000000000005,0.6507000000000005
4,2,1,2,0,4,3,2,1,1,4,4,15,14,1,17,1,0,0,0,1,1,0,0,14,14,14.9372,-0.9372000000000008,0.9372000000000008
4,4,1,2,0,5,3,1,1,4,5,2,11,11,1,17,1,1,1,0,1,1,1,1,12,12,10.7438,1.2561999999999998,1.2561999999999998
1,1,2,3,0,4,3,3,1,1,1,2,13,14,0,17,0,1,1,0,0,1,1,1,15,15,13.5557,1.4443,1.4443
3,3,2,3,0,4,2,2,2,3,5,10,11,11,1,17,1,1,1,0,1,1,1,1,11,11,10.8225,0.1775000000000002,0.1775000000000002
1,1,1,2,0,4,3,2,1,1,4,10,10,9,1,17,1,1,1,1,0,1,0,1,10,10,8.9584,1.0416000000000007,1.0416000000000007
1,1,1,2,0,4,3,4,1,2,5,4,11,10,1,17,1,1,1,0,1,1,0,0,11,11,10.2977,0.7022999999999993,0.7022999999999993
2,1,1,2,0,4,3,4,1,3,5,2,12,12,1,18,1,0,0,0,1,1,1,1,13,13,12.4044,0.5955999999999992,0.5955999999999992
2,2,1,2,0,4,3,3,1,1,5,0,10,10,1,19,1,1,1,0,1,1,1,0,11,11,9.6622,1.3377999999999997,1.3377999999999997
2,1,3,2,1,4,4,5,4,4,5,4,11,10,0,18,1,0,1,0,0,0,1,0,11,11,10.0144,0.9855999999999998,0.9855999999999998
4,2,1,3,0,4,3,4,1,3,5,2,11,12,1,17,0,1,1,0,1,1,1,0,14,14,11.7995,2.2005,2.2005
1,1,1,3,0,4,4,3,2,3,3,4,11,12,1,18,1,0,1,0,1,1,0,0,14,14,12.0487,1.9513,1.9513
2,2,1,2,0,3,2,3,1,1,5,4,11,11,1,18,0,1,1,1,0,1,0,0,13,13,10.8112,2.1888000000000005,2.1888000000000005
2,2,2,1,0,5,2,2,1,1,4,0,9,10,0,17,0,1,1,0,0,0,0,0,10,10,9.8533,0.1466999999999991,0.1466999999999991
2,1,2,2,0,1,2,3,1,2,2,8,10,12,1,20,0,1,1,0,1,0,1,1,12,12,11.497,0.5030000000000001,0.5030000000000001
2,2,2,1,0,4,4,4,2,3,4,8,8,8,0,17,1,1,1,0,0,0,1,0,9,9,7.9156,1.0843999999999996,1.0843999999999996
2,1,1,2,0,4,2,5,1,2,1,8,14,14,1,18,1,1,1,0,1,1,1,1,15,15,14.3313,0.6686999999999994,0.6686999999999994
2,2,3,3,0,4,2,3,1,1,1,8,13,15,1,17,1,1,1,0,1,1,1,1,15,15,15.0608,-0.0608000000000004,0.0608000000000004
3,2,1,2,1,3,3,3,4,3,3,0,9,8,1,19,0,1,1,1,1,0,1,0,10,10,7.2579,2.7421,2.7421
1,2,2,1,0,3,4,4,2,4,4,10,10,10,0,18,1,1,1,0,0,0,1,0,11,11,10.1119,0.8880999999999997,0.8880999999999997
2,1,2,2,0,4,3,1,1,1,5,10,12,13,1,18,1,1,1,0,0,1,1,1,14,14,12.9261,1.0739,1.0739
4,4,2,3,0,5,3,4,1,1,5,0,7,7,1,17,0,1,1,0,1,1,1,0,8,8,6.247,1.753,1.753
2,1,2,3,1,4,3,1,1,1,5,0,9,10,0,19,0,0,1,0,0,1,1,1,11,11,8.8802,2.1198,2.1198
1,4,1,2,0,3,4,4,1,2,5,2,10,10,1,18,1,1,1,1,1,1,0,1,11,11,9.5298,1.4702000000000002,1.4702000000000002
2,3,2,2,0,4,2,1,1,1,3,2,11,12,1,17,1,1,1,0,0,1,1,1,14,14,11.3464,2.653600000000001,2.653600000000001
4,4,1,1,0,4,4,4,1,1,5,2,15,16,1,17,0,1,1,0,0,1,1,0,17,17,15.9105,1.0894999999999992,1.0894999999999992
4,3,2,1,0,3,2,4,1,4,1,8,12,12,1,18,1,0,1,0,1,1,1,0,15,15,12.5019,2.498100000000001,2.498100000000001
3,3,1,2,0,4,1,4,1,1,3,8,11,12,1,18,1,1,1,0,1,1,1,0,14,14,11.9235,2.0765,2.0765
4,2,2,2,0,5,4,4,1,1,1,9,11,10,0,19,1,1,1,0,1,1,1,1,10,10,10.1711,-0.1710999999999991,0.1710999999999991
3,4,1,1,0,5,4,4,1,1,1,4,11,12,1,18,1,1,1,0,1,1,1,1,14,14,11.6845,2.3155,2.3155
4,4,1,1,0,5,3,4,1,2,5,2,14,15,1,17,1,1,1,0,0,1,1,0,17,17,15.1162,1.8838000000000008,1.8838000000000008
3,3,1,2,0,5,3,3,1,1,5,0,12,12,1,17,1,0,0,1,1,1,1,0,13,13,12.4641,0.5358999999999998,0.5358999999999998
2,1,1,2,0,4,2,3,2,2,2,2,11,12,1,17,1,0,1,0,0,1,1,0,14,14,11.7214,2.278600000000001,2.278600000000001
4,4,1,1,0,4,2,5,3,4,5,2,8,9,0,18,1,0,1,0,1,1,1,0,11,11,8.6062,2.3938000000000006,2.3938000000000006
1,1,3,3,0,1,5,5,4,3,5,12,10,10,1,19,1,1,1,0,0,0,0,1,11,11,9.5955,1.4045000000000003,1.4045000000000003
1,1,3,2,2,5,3,4,1,1,4,2,8,8,1,19,1,0,0,0,1,1,1,1,9,9,7.7824,1.2176,1.2176
2,2,1,1,0,4,3,5,2,4,5,2,10,10,1,18,1,1,1,0,1,1,1,1,10,10,9.8483,0.1516999999999999,0.1516999999999999
1,1,2,3,0,4,5,5,1,2,2,0,14,14,1,18,1,1,1,0,0,1,1,0,14,14,14.07,-0.0700000000000002,0.0700000000000002
3,3,1,1,0,4,2,5,2,5,5,2,11,12,1,17,1,1,1,0,1,1,1,0,11,11,12.1508,-1.1508000000000005,1.1508000000000005
3,2,1,1,0,5,3,4,2,2,5,0,11,10,0,19,0,1,1,0,1,1,0,1,10,10,9.9853,0.0146999999999994,0.0146999999999994
2,2,4,2,0,4,2,5,1,1,2,2,10,9,1,18,1,1,1,0,0,1,0,1,10,10,9.0048,0.9952000000000004,0.9952000000000004
2,2,1,1,0,5,4,2,1,2,5,6,15,14,0,18,1,1,1,0,0,1,1,0,15,15,14.5311,0.4688999999999996,0.4688999999999996
2,1,2,2,0,4,3,4,2,2,1,10,12,15,1,17,1,1,1,0,1,1,1,1,15,15,15.0963,-0.0962999999999993,0.0962999999999993
2,1,1,2,0,4,3,5,2,4,4,4,12,16,1,17,1,1,1,0,1,1,1,0,16,16,16.1632,-0.1631999999999998,0.1631999999999998
2,3,2,1,1,2,2,3,3,4,5,16,10,11,1,19,1,0,0,0,0,0,1,0,11,11,11.1331,-0.1331000000000006,0.1331000000000006
3,1,1,1,1,4,1,2,1,1,3,6,10,13,1,17,1,1,1,0,1,1,1,1,13,13,12.552,0.4480000000000004,0.4480000000000004
4,4,1,3,2,3,3,2,1,1,5,0,9,12,1,21,1,0,1,0,0,1,1,0,12,12,10.354,1.6460000000000008,1.6460000000000008
2,2,1,2,0,4,4,4,1,3,3,11,9,11,0,18,1,0,1,0,1,0,1,0,12,12,11.0482,0.9518000000000004,0.9518000000000004
3,4,1,2,0,4,3,5,1,4,2,9,13,14,0,18,1,0,0,0,0,1,1,1,15,15,14.2601,0.7399000000000004,0.7399000000000004
2,2,1,2,0,4,3,4,1,3,4,0,13,17,1,17,1,1,1,0,1,1,1,0,17,17,17.0111,-0.011099999999999,0.011099999999999
4,4,1,3,0,4,4,2,1,2,4,2,12,15,0,17,1,0,0,0,1,1,1,0,15,15,14.9336,0.0663999999999997,0.0663999999999997
4,2,1,2,0,4,2,2,1,1,3,0,14,17,1,18,1,0,1,0,1,1,1,0,17,17,17.0216,-0.0215999999999993,0.0215999999999993
1,1,2,2,2,5,3,3,5,2,4,21,9,10,0,21,0,0,1,0,1,0,1,1,10,10,9.5706,0.4293999999999993,0.4293999999999993
1,1,2,3,0,3,2,2,1,3,3,8,11,15,1,20,0,1,1,0,0,1,1,1,15,15,14.4472,0.5527999999999995,0.5527999999999995
4,4,1,1,1,3,2,5,4,4,5,5,9,10,1,19,1,1,1,0,1,1,1,1,11,11,9.1068,1.8932,1.8932
3,2,1,2,0,4,4,4,1,2,5,10,16,18,0,17,1,0,0,0,1,1,1,0,18,18,19.0443,-1.0442999999999998,1.0442999999999998
3,2,1,3,0,4,3,4,1,2,2,5,14,17,1,18,1,1,1,0,1,1,1,1,17,17,16.8623,0.1376999999999988,0.1376999999999988
2,3,1,1,0,3,1,3,4,5,4,13,13,14,0,18,0,1,1,0,0,1,1,0,14,14,14.0363,-0.0363000000000006,0.0363000000000006
2,1,1,1,0,5,3,4,1,4,4,10,7,11,0,19,1,1,1,0,0,1,1,0,11,11,10.9598,0.0402000000000004,0.0402000000000004
2,2,2,2,0,4,1,4,1,3,4,10,14,17,1,18,1,0,0,0,1,1,1,0,17,17,18.0328,-1.0328000000000015,1.0328000000000015
1,0,2,1,1,5,3,1,1,1,5,5,8,10,1,20,1,1,1,1,0,1,1,1,10,10,9.6104,0.3895999999999997,0.3895999999999997
3,2,1,2,0,3,1,2,1,2,1,4,10,13,1,18,1,1,1,0,1,1,1,1,13,13,12.3883,0.6117000000000008,0.6117000000000008
1,3,2,1,0,4,3,3,1,3,5,11,10,11,1,16,1,1,1,0,1,0,1,1,11,11,11.089,-0.0890000000000004,0.0890000000000004
2,2,2,2,0,4,4,4,1,1,5,0,12,12,1,16,0,1,1,0,1,1,1,0,12,12,11.9522,0.0478000000000005,0.0478000000000005
1,1,1,1,1,4,1,3,1,1,2,6,10,10,1,15,0,1,1,0,1,1,0,1,10,10,9.7212,0.2788000000000004,0.2788000000000004
3,3,2,1,0,5,4,4,2,3,5,4,10,10,1,15,0,1,1,0,1,1,1,0,11,11,10.1279,0.8720999999999997,0.8720999999999997
2,3,2,2,0,4,5,2,1,2,5,0,16,17,1,16,0,1,1,0,0,1,0,0,17,17,17.2146,-0.2146000000000008,0.2146000000000008
2,1,2,1,0,1,3,4,1,1,1,0,6,8,1,15,0,0,1,0,0,0,0,0,9,9,7.1363,1.8637,1.8637
4,4,1,2,0,5,3,2,1,3,2,5,10,11,0,16,0,0,0,0,1,1,0,0,11,11,11.3338,-0.3338000000000001,0.3338000000000001
1,2,1,3,0,4,4,3,1,1,5,0,10,11,0,16,1,1,0,1,0,1,1,0,11,11,10.7655,0.2345000000000006,0.2345000000000006
3,2,1,2,1,4,5,4,1,2,5,0,10,10,1,17,0,1,1,0,0,1,0,1,10,10,9.2108,0.7891999999999992,0.7891999999999992
1,1,1,1,1,5,4,4,2,2,5,0,6,6,1,17,0,1,1,0,1,0,1,0,7,7,5.3462,1.6538000000000004,1.6538000000000004
4,4,2,1,0,1,5,1,3,5,5,0,13,14,1,15,0,1,1,0,0,1,1,1,14,14,13.2251,0.7749000000000006,0.7749000000000006
2,2,2,4,0,1,2,1,1,1,1,4,10,9,1,16,1,0,0,0,0,0,0,1,11,11,8.4013,2.598699999999999,2.598699999999999
1,1,2,2,0,5,4,3,1,2,4,0,10,10,1,15,0,0,1,0,1,1,1,0,10,10,10.0379,-0.0379000000000004,0.0379000000000004
1,1,2,1,1,4,4,3,1,2,2,4,6,7,1,15,0,0,1,0,1,1,1,1,8,8,6.252,1.7480000000000002,1.7480000000000002
0,2,2,1,0,3,2,3,1,2,2,0,12,11,1,16,0,1,1,0,1,1,0,0,12,12,11.1851,0.8148999999999997,0.8148999999999997
2,3,2,1,0,5,5,5,1,3,3,2,10,11,1,17,0,1,1,0,1,1,1,0,12,12,11.092,0.9079999999999996,0.9079999999999996
3,3,2,1,0,4,1,3,1,1,4,0,14,16,1,15,0,1,1,0,0,1,1,0,16,16,15.9491,0.0509000000000003,0.0509000000000003
1,1,2,2,0,5,4,5,4,5,3,0,7,0,0,16,1,1,1,0,1,1,0,1,0,0,0.0147,-0.0147,0.0147
1,1,1,2,0,4,4,3,2,4,5,4,8,9,0,17,1,1,1,0,0,1,1,0,9,9,8.5727,0.4273000000000007,0.4273000000000007
4,1,1,2,0,5,3,4,1,2,2,0,12,13,0,15,0,0,1,0,1,1,1,0,14,14,13.1603,0.8397000000000006,0.8397000000000006
3,4,3,2,0,3,4,5,1,2,5,4,9,10,0,16,0,1,1,0,0,1,0,0,11,11,9.6225,1.3774999999999995,1.3774999999999995
1,1,4,2,0,5,4,5,2,4,4,8,7,9,0,15,0,1,1,0,1,1,0,1,9,9,9.2398,-0.2398000000000006,0.2398000000000006
3,3,1,2,0,5,3,3,1,1,5,0,11,11,0,15,1,0,1,0,1,1,1,0,11,11,10.8383,0.1616999999999997,0.1616999999999997
2,1,3,1,0,5,5,5,5,5,3,8,8,10,0,17,0,1,1,0,0,0,0,1,9,9,10.0055,-1.0054999999999996,1.0054999999999996
4,4,2,3,0,4,2,2,1,1,4,6,16,16,1,16,0,1,1,0,0,1,1,1,17,17,15.771,1.2289999999999992,1.2289999999999992
1,2,2,1,0,5,1,2,1,1,1,3,11,13,1,15,0,1,1,0,0,1,0,0,13,13,13.0479,-0.0479000000000002,0.0479000000000002
2,3,3,2,0,4,5,4,1,2,1,2,15,15,1,16,0,1,1,0,1,1,1,0,15,15,15.4088,-0.4087999999999994,0.4087999999999994
1,2,2,2,0,4,3,3,1,1,5,0,10,11,0,16,0,1,1,0,0,1,0,0,11,11,10.6409,0.3590999999999997,0.3590999999999997
2,2,3,2,0,4,4,5,1,1,4,4,9,10,1,16,0,1,1,0,1,1,1,0,11,11,9.8926,1.1074000000000002,1.1074000000000002
1,2,1,3,1,1,3,2,1,2,4,0,10,8,1,16,1,1,1,0,1,1,0,0,8,8,7.1735,0.8265000000000002,0.8265000000000002
2,1,1,2,0,4,4,2,3,3,2,0,9,10,1,15,1,1,1,1,1,1,1,0,9,9,9.7146,-0.7146000000000008,0.7146000000000008
1,1,1,2,0,5,4,3,2,1,2,0,13,14,1,16,1,1,1,0,1,1,0,1,15,15,13.9862,1.0137999999999998,1.0137999999999998
1,2,1,1,0,5,5,5,5,5,3,4,10,11,0,17,0,0,1,0,1,1,1,0,11,11,10.9341,0.0658999999999991,0.0658999999999991
1,1,4,4,0,4,3,2,1,1,1,0,13,10,1,16,0,1,1,0,1,1,1,0,13,13,10.2021,2.7979000000000003,2.7979000000000003
1,1,4,3,0,4,4,3,1,1,5,2,10,9,1,16,0,1,1,1,1,1,0,0,10,10,9.3846,0.6153999999999993,0.6153999999999993
1,1,2,2,0,4,3,3,1,1,2,1,11,10,1,15,0,1,1,0,1,1,1,0,11,11,9.9688,1.0312,1.0312
1,1,2,1,0,4,2,2,4,3,2,0,13,12,1,16,0,1,1,0,0,1,1,1,14,14,11.7533,2.2467000000000006,2.2467000000000006
1,1,3,2,0,4,2,1,1,2,2,0,13,14,1,15,0,1,1,0,1,1,0,0,14,14,14.4396,-0.4396000000000004,0.4396000000000004
2,2,1,3,0,4,4,3,2,2,5,2,14,11,1,15,0,0,1,1,1,1,0,0,12,12,11.3604,0.6395999999999997,0.6395999999999997
1,1,2,1,0,3,4,4,3,4,5,6,11,11,0,16,0,1,1,0,0,1,0,0,11,11,11.1792,-0.1791999999999998,0.1791999999999998
1,2,1,2,1,3,4,4,2,3,5,9,9,8,1,18,1,1,1,0,1,1,1,1,8,8,7.3532,0.6467999999999998,0.6467999999999998
3,1,2,1,0,3,2,3,1,3,4,0,10,9,0,15,1,1,1,0,1,1,0,0,11,11,9.3446,1.6554000000000002,1.6554000000000002
2,2,3,2,0,5,3,4,1,1,2,1,14,13,1,16,0,1,1,0,1,1,1,0,14,14,13.505,0.4949999999999992,0.4949999999999992
2,2,3,1,0,4,3,3,1,2,4,1,13,12,0,15,1,1,1,0,0,1,0,0,13,13,12.5437,0.4563000000000006,0.4563000000000006
4,4,1,2,0,4,3,1,1,1,3,0,13,12,0,16,1,1,1,0,1,1,0,1,13,13,11.7155,1.2844999999999995,1.2844999999999995
3,3,1,2,0,4,5,4,1,1,1,4,13,12,1,15,0,1,1,0,1,1,1,1,12,12,11.7086,0.2913999999999994,0.2913999999999994
2,2,2,2,1,4,4,4,2,3,5,2,12,11,1,16,0,1,1,0,1,1,0,0,12,12,11.0802,0.9198000000000004,0.9198000000000004
2,2,3,1,0,4,3,2,1,1,4,0,14,14,1,16,0,0,1,0,1,1,0,1,16,16,14.3832,1.6167999999999996,1.6167999999999996
2,1,2,1,0,2,4,3,2,3,4,4,10,8,0,16,1,0,1,0,1,1,1,0,10,10,8.0909,1.9091000000000005,1.9091000000000005
1,3,3,1,0,4,2,4,3,5,3,2,10,11,0,15,0,0,1,0,1,1,1,0,11,11,11.1125,-0.1125000000000007,0.1125000000000007
2,2,2,3,0,5,3,2,1,1,4,0,12,13,1,15,1,1,1,0,1,1,0,0,14,14,13.114,0.8859999999999992,0.8859999999999992
2,1,1,1,0,5,4,3,1,1,5,2,10,8,1,16,0,0,1,0,1,1,1,1,8,8,8.2926,-0.2926000000000002,0.2926000000000002
3,3,2,1,0,4,3,3,2,4,3,11,12,10,0,15,1,1,1,0,1,1,1,0,11,11,10.634,0.3659999999999996,0.3659999999999996
1,1,2,2,3,3,4,3,1,1,1,0,7,7,1,16,0,1,1,1,1,1,0,0,8,8,5.9187,2.0813,2.0813
2,2,1,1,0,4,5,3,1,1,5,4,9,9,1,17,1,1,1,0,1,0,0,0,10,10,9.2646,0.7354000000000003,0.7354000000000003
2,3,1,1,1,4,4,4,1,1,2,0,9,9,1,19,1,1,1,0,0,0,1,1,10,10,7.9974,2.0026,2.0026
2,1,3,1,0,5,5,3,1,1,3,2,9,10,1,17,0,1,1,0,1,0,0,1,11,11,10.6159,0.3841000000000001,0.3841000000000001
1,1,2,1,0,5,2,1,1,3,4,0,9,10,1,15,0,0,1,0,1,0,0,1,9,9,10.5724,-1.5724,1.5724
2,2,3,2,0,3,4,5,1,2,1,1,9,10,1,16,0,1,1,0,1,0,1,0,11,11,9.8921,1.1079000000000008,1.1079000000000008
2,2,1,1,0,4,3,4,1,2,1,6,7,7,1,16,1,0,0,0,1,0,0,0,8,8,7.2422,0.7577999999999996,0.7577999999999996
2,2,2,2,0,4,3,5,1,2,4,0,11,10,1,17,0,1,1,0,1,1,1,0,11,11,10.193,0.8070000000000004,0.8070000000000004
2,2,1,1,1,4,4,3,1,4,3,1,9,10,1,16,1,1,1,0,1,1,1,0,10,10,9.5687,0.4313000000000002,0.4313000000000002
3,2,2,3,2,3,3,2,1,1,2,6,7,9,1,18,0,0,0,0,1,0,0,1,10,10,7.971,2.029,2.029
1,1,1,3,1,5,3,1,1,1,3,6,7,9,1,19,1,1,1,0,0,0,0,1,9,9,8.1245,0.8755000000000006,0.8755000000000006
1,1,2,1,1,4,4,3,3,4,4,0,8,9,0,18,0,1,1,0,0,0,1,0,10,10,8.5882,1.4117999999999995,1.4117999999999995
1,1,2,1,1,3,2,3,1,1,2,4,9,11,1,18,0,1,1,0,0,0,1,1,10,10,10.3151,-0.3150999999999992,0.3150999999999992
1,1,2,2,1,1,1,4,4,1,1,12,7,8,1,19,1,1,1,0,1,1,1,1,9,9,6.5237,2.4763,2.4763
2,2,1,2,0,3,3,2,1,1,3,2,8,10,1,16,0,1,0,0,0,1,0,1,10,10,9.1341,0.8658999999999999,0.8658999999999999
0,1,2,1,0,2,4,4,3,5,5,5,9,9,1,17,1,1,1,0,0,1,0,0,10,10,8.8503,1.1496999999999993,1.1496999999999993
1,2,1,2,0,4,4,5,1,3,3,0,8,9,1,16,0,0,1,0,0,0,1,0,9,9,8.6151,0.3849,0.3849
3,3,1,1,0,4,5,4,1,1,4,0,14,13,1,16,1,1,1,0,0,0,1,1,13,13,13.0829,-0.0829000000000004,0.0829000000000004
1,1,1,1,0,4,4,4,2,2,4,2,14,14,1,16,0,0,1,0,1,1,1,1,14,14,14.4638,-0.4638000000000009,0.4638000000000009
3,3,2,4,1,5,4,5,3,4,5,0,10,11,0,17,1,1,1,0,1,1,0,0,10,10,10.679,-0.6790000000000003,0.6790000000000003
2,1,1,2,0,5,3,3,1,1,1,0,14,13,1,16,1,1,1,0,1,1,1,0,14,14,13.436,0.5640000000000001,0.5640000000000001
2,2,1,1,0,4,2,5,1,2,5,0,17,16,1,16,1,1,1,0,1,1,0,1,16,16,17.0235,-1.0234999999999983,1.0234999999999983
1,2,1,1,1,5,3,5,5,5,1,12,6,7,0,17,1,1,1,0,1,0,1,1,7,7,6.4632,0.5368000000000004,0.5368000000000004
4,3,1,1,0,4,2,5,1,5,5,8,14,12,0,16,1,0,1,0,0,1,1,0,13,13,12.9623,0.0376999999999991,0.0376999999999991
2,2,3,4,1,1,3,5,3,5,3,2,10,8,0,17,0,0,1,0,1,1,0,0,9,9,7.3129,1.6871,1.6871
1,1,1,4,0,2,2,1,1,1,5,0,14,14,1,16,1,1,1,1,1,1,1,0,14,14,13.8429,0.1570999999999998,0.1570999999999998
2,2,1,3,0,5,4,5,1,1,1,0,12,13,1,19,1,0,1,0,0,1,1,1,13,13,12.5786,0.4214000000000002,0.4214000000000002
1,1,2,1,0,4,4,5,1,2,5,0,11,11,1,17,0,1,1,0,1,1,1,1,11,11,11.2553,-0.2553000000000001,0.2553000000000001
3,3,2,2,1,3,3,4,2,4,3,8,11,9,1,20,1,1,1,0,0,1,1,1,10,10,8.37,1.6300000000000008,1.6300000000000008
1,1,1,3,0,4,3,3,1,1,3,0,11,11,1,17,1,0,1,0,1,1,0,1,10,10,10.7825,-0.7825000000000006,0.7825000000000006
2,2,3,1,1,4,4,5,1,2,5,0,10,9,0,17,0,1,1,0,1,1,1,0,9,9,9.1164,-0.1164000000000005,0.1164000000000005
1,1,3,2,0,5,3,2,1,1,1,0,16,17,1,16,0,0,1,0,1,1,0,0,18,18,18.195,-0.1950000000000002,0.1950000000000002
2,2,2,2,0,5,3,2,1,1,1,0,15,17,1,17,0,1,1,0,1,1,0,0,17,17,17.7312,-0.7312000000000012,0.7312000000000012
1,0,2,2,0,4,4,5,1,1,4,1,11,9,1,17,1,1,0,0,0,1,1,1,10,10,9.0321,0.9679000000000002,0.9679000000000002
1,1,1,2,1,4,3,2,1,1,5,9,7,7,1,18,0,1,1,0,1,1,1,1,7,7,6.1992,0.8007999999999997,0.8007999999999997
3,1,1,1,0,3,1,3,1,3,1,0,8,6,1,16,1,1,1,0,0,1,1,0,8,8,5.5403,2.4597,2.4597
3,2,1,1,0,3,1,3,1,4,3,2,7,6,1,16,1,1,1,0,0,1,1,0,7,7,5.4547,1.5453,1.5453
1,1,2,2,0,2,3,5,1,4,3,8,9,8,1,18,1,0,1,1,0,1,0,0,10,10,8.391,1.609,1.609
4,4,1,2,0,4,3,3,2,3,2,0,14,16,1,16,0,1,1,0,0,1,1,1,16,16,15.6149,0.3850999999999995,0.3850999999999995
1,2,2,1,0,5,4,5,1,4,2,0,14,14,1,16,0,0,1,0,0,1,1,0,15,15,14.7659,0.2340999999999997,0.2340999999999997
2,4,1,2,1,2,3,2,1,3,1,8,8,5,1,18,1,1,0,0,1,1,1,0,8,8,3.7128,4.2872,4.2872
2,1,2,2,0,5,2,1,1,1,2,0,8,7,0,16,0,1,1,0,0,1,1,0,0,0,6.6756,-6.6756,6.6756
1,1,3,2,0,4,3,2,1,3,5,6,6,8,1,16,1,0,1,0,1,1,1,0,8,8,7.9388,0.0612000000000003,0.0612000000000003
2,3,2,2,0,3,3,3,1,1,2,0,8,10,1,16,0,1,1,0,1,1,1,0,10,10,9.1525,0.8475000000000001,0.8475000000000001
4,4,1,2,0,4,3,4,1,2,3,4,8,8,1,16,1,1,1,0,1,1,1,1,8,8,7.2711,0.7289000000000003,0.7289000000000003
4,4,1,4,0,5,5,5,5,5,5,2,5,6,0,18,1,0,1,0,1,0,1,1,6,6,4.9332,1.0667999999999995,1.0667999999999995
3,4,3,2,0,4,2,1,1,1,2,2,7,9,1,16,0,0,1,0,1,1,0,0,8,8,8.6249,-0.6249000000000002,0.6249000000000002
4,4,1,3,0,4,4,3,1,2,5,0,15,14,0,17,1,0,1,0,1,1,1,0,16,16,14.1563,1.8437,1.8437
4,1,1,1,0,4,2,3,1,2,5,1,13,14,1,17,0,1,1,0,0,1,1,1,14,14,14.3652,-0.3651999999999997,0.3651999999999997
2,2,4,3,0,5,1,3,2,2,3,0,10,9,0,16,1,0,1,0,0,1,0,0,10,10,9.3305,0.6694999999999993,0.6694999999999993
2,2,1,1,0,5,1,3,1,2,5,5,9,9,1,17,0,1,1,0,1,1,1,0,9,9,9.3255,-0.3254999999999999,0.3254999999999999
4,4,2,1,0,5,1,3,1,2,5,1,11,11,1,16,1,0,1,0,1,1,0,0,11,11,11.7258,-0.7257999999999996,0.7257999999999996
3,3,1,1,0,4,1,4,5,5,3,8,7,10,0,17,1,1,1,0,1,1,1,0,9,9,9.6616,-0.6616,0.6616
1,1,3,2,0,5,1,3,3,3,1,0,10,10,0,17,1,1,1,0,0,1,1,1,10,10,9.8065,0.1935000000000002,0.1935000000000002
2,1,2,2,0,4,2,2,1,4,5,2,9,7,0,16,1,1,1,0,0,1,1,1,8,8,6.7867,1.2133000000000005,1.2133000000000005
2,1,1,2,0,3,2,2,1,1,3,0,14,15,1,16,1,0,1,0,0,1,1,1,16,16,14.7488,1.2512000000000008,1.2512000000000008
4,4,1,1,0,4,1,2,2,5,5,0,11,12,0,16,1,0,1,0,1,1,1,0,12,12,12.1553,-0.1553000000000004,0.1553000000000004
1,2,3,2,0,5,5,5,1,3,5,11,9,11,0,15,0,1,1,0,1,1,0,0,10,10,11.7849,-1.7849000000000004,1.7849000000000004
2,2,3,4,0,5,4,5,2,3,5,8,13,14,0,15,1,0,0,0,1,1,0,0,14,14,15.0125,-1.0124999999999993,1.0124999999999993
2,1,1,1,0,4,3,3,1,2,5,11,12,13,0,15,1,0,0,0,0,1,1,0,12,12,13.6877,-1.6876999999999995,1.6876999999999995
2,2,1,3,0,4,3,3,2,2,5,2,11,11,1,16,0,0,1,0,1,1,0,1,11,11,10.8966,0.1034000000000006,0.1034000000000006
4,1,2,2,0,1,2,4,2,2,1,8,9,10,1,16,1,0,1,0,1,1,1,0,10,10,9.6549,0.3451000000000004,0.3451000000000004
3,2,2,1,0,4,3,3,2,2,1,5,9,11,1,17,1,1,1,0,0,1,0,1,11,11,10.7951,0.2049000000000003,0.2049000000000003
2,2,2,2,0,5,1,3,1,1,5,0,11,9,1,17,0,1,1,1,0,1,0,0,11,11,9.7933,1.2066999999999997,1.2066999999999997
4,4,2,3,0,5,3,5,1,4,5,1,10,11,1,16,1,1,1,0,1,1,1,1,12,12,10.8544,1.1456,1.1456
4,4,3,1,3,3,3,3,1,3,5,2,9,9,0,17,0,1,1,0,0,1,1,1,8,8,7.6468,0.3532000000000002,0.3532000000000002
1,3,2,1,0,5,1,2,3,3,5,2,12,11,0,17,0,0,1,0,0,1,0,1,12,12,11.348,0.6519999999999992,0.6519999999999992
3,4,1,2,1,5,4,4,3,4,5,8,8,9,0,17,1,1,1,0,1,1,1,1,8,8,8.2502,-0.2501999999999995,0.2501999999999995
4,4,1,2,0,5,2,5,1,1,5,0,13,15,1,17,1,1,1,0,1,1,1,0,16,16,15.2591,0.7408999999999999,0.7408999999999999
4,1,1,1,0,4,1,2,2,1,2,0,10,11,0,16,0,0,1,0,0,1,1,0,11,11,10.9739,0.0260999999999995,0.0260999999999995
1,1,1,2,0,4,5,5,1,2,3,2,11,10,1,17,1,1,0,0,0,1,1,1,11,11,9.7211,1.2789,1.2789
4,2,2,2,0,4,3,3,2,3,5,0,17,18,1,17,0,1,1,1,1,1,1,0,18,18,19.3963,-1.3963,1.3963
2,2,2,2,0,4,1,2,2,2,5,0,12,13,0,16,1,0,0,0,1,1,1,1,13,13,13.1061,-0.1060999999999996,0.1060999999999996
3,2,2,2,0,4,1,2,2,2,1,0,13,14,0,17,1,1,1,0,1,1,1,0,13,13,14.1475,-1.1475000000000009,1.1475000000000009
1,1,1,2,2,4,4,3,3,4,4,2,9,9,0,19,1,1,1,0,1,0,1,0,10,10,8.2873,1.7127,1.7127
1,0,1,1,0,4,1,2,1,1,5,4,11,11,0,17,1,0,0,0,0,1,0,1,12,12,11.4253,0.5747,0.5747
1,1,2,1,0,3,5,5,2,2,4,3,10,11,1,17,0,1,1,0,1,0,1,1,10,10,11.0267,-1.0267,1.0267
1,2,1,3,0,4,3,4,1,1,3,5,13,14,1,16,0,1,1,1,1,1,1,1,13,13,14.1728,-1.1728000000000005,1.1728000000000005
1,2,1,1,0,4,4,4,2,4,5,4,9,10,0,16,0,0,1,0,0,1,0,0,11,11,10.1361,0.8638999999999992,0.8638999999999992
3,1,2,2,3,5,4,4,1,1,5,2,7,9,1,17,0,1,1,0,1,1,1,1,10,10,7.9323,2.0677000000000003,2.0677000000000003
2,2,2,1,0,5,5,5,3,5,5,0,8,13,0,17,0,1,1,0,0,0,0,1,10,10,13.1664,-3.1663999999999994,3.1663999999999994
1,0,3,1,1,4,3,2,1,1,4,0,12,12,0,18,0,1,1,1,1,1,0,0,13,13,12.979,0.0210000000000007,0.0210000000000007
1,1,2,1,0,4,5,5,1,3,2,0,10,9,0,17,0,1,1,0,1,1,1,1,10,10,9.0433,0.9566999999999996,0.9566999999999996
1,1,2,2,0,4,3,3,1,4,5,6,10,9,0,18,1,0,1,0,1,1,0,0,10,10,9.6695,0.3305000000000007,0.3305000000000007
2,2,1,2,0,5,4,3,1,1,1,0,11,13,1,16,0,0,1,0,0,1,0,1,12,12,12.8,-0.8000000000000007,0.8000000000000007
2,2,1,1,1,1,2,1,2,3,5,0,7,0,0,17,1,1,1,0,0,1,0,1,0,0,-1.4502,1.4502,1.4502
3,2,2,1,0,4,5,5,2,3,5,2,11,9,0,16,0,1,1,0,0,1,1,0,10,10,9.324,0.6760000000000002,0.6760000000000002
1,1,2,1,0,4,5,5,2,4,5,0,10,10,0,16,0,0,1,0,0,1,1,0,9,9,10.26,-1.2599999999999998,1.2599999999999998
1,1,2,1,1,5,3,3,2,3,5,2,9,7,0,18,0,1,1,0,1,0,1,1,9,9,7.1024,1.8976,1.8976
3,2,1,1,1,2,3,1,2,2,5,0,4,0,0,18,0,1,1,0,0,0,1,0,0,0,-1.4788,1.4788,1.4788
3,2,2,1,3,3,2,1,1,1,3,4,6,11,0,19,1,1,1,0,0,1,0,0,9,9,9.435,-0.4350000000000005,0.4350000000000005
3,3,1,2,2,4,4,5,1,3,3,9,4,8,0,18,1,1,1,0,1,0,1,0,8,8,6.7758,1.2241999999999995,1.2241999999999995
2,2,2,1,0,5,4,3,2,4,4,6,7,8,0,16,0,1,1,0,1,1,1,1,8,8,7.9668,0.0331999999999998,0.0331999999999998
2,1,2,1,3,4,4,3,1,3,5,4,8,9,0,19,1,1,1,0,0,0,1,1,9,9,8.036,0.9640000000000004,0.9640000000000004
3,2,2,2,2,2,5,5,1,1,1,8,5,5,1,16,1,1,0,0,1,1,0,1,7,7,3.5239,3.4761,3.4761
1,1,1,1,0,4,3,2,1,2,5,9,7,9,1,17,1,1,1,0,1,1,0,0,10,10,9.1064,0.8935999999999993,0.8935999999999993
1,1,2,1,1,4,4,3,2,4,4,12,8,11,0,20,0,1,1,0,1,0,1,1,10,10,10.9677,-0.9677000000000008,0.9677000000000008
4,3,1,1,0,5,4,4,3,4,2,8,10,11,1,18,0,1,0,0,1,1,1,0,10,10,11.4274,-1.4274000000000004,1.4274000000000004
1,2,2,2,2,4,3,3,1,1,5,2,6,8,1,18,1,1,0,0,1,1,0,0,8,8,7.0443,0.9557000000000002,0.9557000000000002
1,1,1,1,0,1,4,4,1,1,5,0,6,8,1,19,1,0,0,0,1,0,0,0,7,7,7.4456,-0.4455999999999998,0.4455999999999998
2,2,2,1,1,5,5,5,1,1,3,0,8,6,1,18,0,1,1,0,0,0,1,1,0,0,5.5402,-5.5402,5.5402
0,0,2,1,0,4,4,3,1,1,5,0,10,11,1,17,0,1,1,0,1,1,1,0,11,11,11.2352,-0.2352000000000007,0.2352000000000007
3,1,2,3,0,4,2,3,2,2,3,5,8,7,1,17,0,0,0,0,1,0,0,0,8,8,7.4221,0.5778999999999996,0.5778999999999996
4,2,1,2,0,5,5,5,1,3,5,0,8,8,1,17,1,1,1,1,1,1,1,0,0,0,8.4171,-8.4171,8.4171
2,2,1,2,1,2,3,3,1,2,4,3,7,6,1,18,0,0,1,0,1,1,1,0,8,8,4.8963,3.1037,3.1037
4,1,1,1,0,3,2,2,1,1,5,0,8,10,1,17,1,1,1,0,1,1,0,1,9,9,9.7548,-0.7547999999999995,0.7547999999999995
1,2,1,1,0,5,5,1,1,1,3,0,7,10,1,17,1,0,1,0,0,1,1,0,10,10,9.2865,0.7134999999999998,0.7134999999999998
1,1,3,2,2,3,4,4,2,2,5,3,7,8,1,18,1,1,1,0,0,1,0,1,7,7,6.8466,0.1534000000000004,0.1534000000000004
2,2,2,2,0,4,3,5,1,1,1,2,12,13,1,18,1,1,1,0,0,1,1,0,14,14,12.9054,1.0945999999999998,1.0945999999999998
3,3,2,1,0,4,4,3,1,1,4,0,11,12,1,17,1,1,1,0,1,1,1,0,13,13,12.0326,0.9673999999999996,0.9673999999999996
1,2,2,2,0,4,4,3,1,2,4,0,12,13,1,18,1,0,0,0,0,1,1,0,14,14,13.0181,0.9818999999999996,0.9818999999999996
4,4,2,2,0,4,3,5,1,2,1,0,18,18,1,18,1,1,1,0,0,1,1,0,18,18,18.5098,-0.5097999999999985,0.5097999999999985
4,4,1,1,0,5,4,5,1,1,5,3,17,17,0,18,1,0,1,0,1,1,1,0,17,17,18.0961,-1.0961,1.0961
4,2,2,2,0,4,3,3,1,2,4,0,17,18,1,17,1,1,1,0,1,1,1,0,18,18,18.9154,-0.9154000000000018,0.9154000000000018
2,2,3,2,1,4,3,3,1,1,4,0,9,0,1,18,0,1,1,0,0,1,0,1,0,0,-0.403,0.403,0.403
1,2,2,1,0,4,1,4,5,5,1,8,10,11,0,18,1,0,1,0,1,1,0,0,11,11,11.4479,-0.4479000000000006,0.4479000000000006
4,4,3,1,0,2,5,5,1,1,1,5,12,13,0,18,0,1,1,0,1,1,1,1,14,14,12.7346,1.2653999999999996,1.2653999999999996
1,1,3,1,0,4,2,3,3,4,4,4,12,13,0,17,0,1,1,0,0,0,0,0,14,14,13.9506,0.0494000000000003,0.0494000000000003
2,2,2,2,0,1,3,1,1,1,2,4,8,8,1,18,1,1,1,0,1,1,1,1,10,10,6.6936,3.3064,3.3064
2,2,2,3,0,5,4,5,1,4,3,0,11,12,1,18,1,0,1,0,0,1,1,1,13,13,11.8832,1.1167999999999996,1.1167999999999996
4,2,1,2,0,5,3,1,1,1,5,0,5,0,1,18,0,0,0,0,0,1,1,1,0,0,-0.6952,0.6952,0.6952
1,1,3,2,1,4,4,2,1,2,2,2,9,10,1,18,1,1,1,0,0,0,0,0,10,10,9.7894,0.2105999999999994,0.2105999999999994
1,1,2,1,1,5,5,5,2,3,2,0,5,0,1,19,1,1,1,0,0,0,0,0,0,0,-0.3069,0.3069,0.3069
4,2,2,4,0,4,2,3,3,1,5,0,18,18,1,17,1,1,1,0,0,1,1,1,18,18,18.1716,-0.1716000000000015,0.1716000000000015
2,1,2,2,0,5,3,3,1,2,2,5,11,11,1,17,0,0,0,0,0,1,1,1,12,12,11.2878,0.7121999999999993,0.7121999999999993
1,1,1,2,0,5,2,3,1,2,3,2,8,10,1,18,1,0,0,0,0,1,0,1,11,11,9.8194,1.1806,1.1806
1,2,2,2,0,4,1,1,1,1,4,0,11,11,1,18,1,1,1,0,1,0,0,0,12,12,11.2535,0.7464999999999993,0.7464999999999993
1,1,2,2,3,3,5,4,1,4,1,0,8,0,1,19,0,1,0,0,1,0,0,1,0,0,-0.9537,0.9537,0.9537
2,2,2,3,0,4,2,1,1,1,4,5,14,14,1,18,0,1,1,0,0,1,1,1,15,15,13.8855,1.1144999999999996,1.1144999999999996
1,2,3,2,0,4,3,4,1,4,5,0,16,15,1,18,0,0,0,0,0,1,0,1,15,15,16.0187,-1.018699999999999,1.018699999999999
1,1,2,2,1,4,3,3,1,1,3,4,7,8,1,19,0,1,1,0,1,1,1,1,9,9,7.1454,1.8546,1.8546
4,3,2,2,0,5,5,4,1,1,1,0,6,9,1,17,1,1,1,0,0,1,1,0,11,11,8.1746,2.8254,2.8254
